Customer_ID,Age,Gender,Segment,Avg_Monthly_Balance_VND,Txn_Count_3M,Txn_Amount_3M_VND,App_Logins_3M,Promo_Txn_Count_3M,Last_Active_Days,Historical_Promo_Response,Estimated_CLV_VND
TCB9220822,26,Female,Priority,549070546,3,13249536,20,2,73,1,28586022
TCB4885703,31,Male,Standard,2124089,9,33791969,22,0,71,0,444124
TCB2857592,57,Male,Standard,35625941,23,113760163,52,0,83,0,2918898
TCB1059416,55,Female,Gold,88137163,35,65064522,64,1,60,0,5057503
TCB3218689,43,Male,Standard,0,2,8056071,9,1,67,1,1080560
TCB6807254,57,Female,Standard,30671409,4,7725480,30,0,69,0,1610825
TCB2558302,48,Male,Standard,40502949,27,93065478,37,0,75,0,2955802
TCB5737935,27,Male,Standard,15574263,25,61794613,45,1,29,1,2396659
TCB6661540,30,Female,Gold,109251718,27,26677685,35,6,84,1,6729362
TCB8645086,52,Female,Standard,40957659,40,55632276,70,0,1,0,2604205
TCB3451203,20,Female,Standard,33693227,14,30036875,15,0,5,1,2985030
TCB8437366,42,Male,Gold,69472157,40,51120819,63,2,55,0,3984816
TCB8789341,70,Male,Standard,21526404,25,90328747,45,0,10,0,1979607
TCB6237087,46,Male,Gold,26081899,15,44045867,28,3,58,0,1744553
TCB2408401,29,Female,Gold,102383164,36,26018479,37,2,20,1,6379342
TCB3674432,37,Male,Standard,9416682,1,2605739,2,1,34,0,496891
TCB2340287,26,Male,Gold,109547404,17,28320214,33,1,86,0,5760572
TCB8166388,27,Female,Standard,27616407,28,41003481,29,2,23,0,1790855
TCB2908470,70,Female,Standard,20073174,4,2916189,13,4,19,0,1032820
TCB3068869,56,Male,Gold,112547526,26,111933062,43,4,56,0,6746706
TCB4300342,32,Female,Priority,614633934,28,84633069,53,1,43,1,32578027
TCB8346348,19,Female,Standard,10388311,21,74437078,41,1,36,1,2263786
TCB4077934,35,Male,Gold,198997934,9,23876324,9,1,33,1,11188659
TCB2645200,58,Male,Gold,119142039,5,14196745,9,4,21,0,6099069
TCB7794256,54,Male,Standard,19155954,30,145146911,59,1,31,0,2409266
TCB6893180,53,Female,Gold,19916487,3,8494237,3,2,75,0,1080766
TCB8069665,28,Female,Standard,61838502,15,48297590,29,3,30,0,3574901
TCB2585240,43,Female,Gold,159630459,6,13617469,32,5,16,1,9117697
TCB9153006,39,Male,Priority,425086339,33,60968914,63,1,69,0,21864006
TCB7185851,46,Female,Gold,96463247,3,7050277,25,3,70,1,5893665
TCB7733434,31,Female,Standard,23644441,20,45263007,25,1,45,0,1634852
TCB8561668,23,Male,Priority,531020508,3,14595323,21,0,24,0,26696978
TCB2515469,34,Male,Priority,616650606,12,36404801,12,0,76,1,32196578
TCB1062345,50,Male,Gold,112892799,22,78175953,32,1,53,1,7426399
TCB2655259,18,Female,Gold,0,6,29779601,30,4,49,1,1297796
TCB5476107,41,Female,Standard,19976832,3,10310587,22,1,76,0,1101947
TCB6602140,66,Female,Standard,16328589,21,91941057,41,2,90,1,2735840
TCB6555436,30,Female,Standard,2879583,15,56165439,34,2,59,1,1705633
TCB4107861,38,Male,Standard,26946255,8,36595476,27,2,18,1,2713267
TCB6699613,22,Female,Priority,468979601,15,72660091,33,1,1,0,24175580
TCB6765389,51,Male,Standard,24474229,27,79665552,30,2,2,0,2020366
TCB1251414,21,Female,Gold,139349262,9,9054066,30,0,10,0,7058003
TCB9113330,35,Female,Standard,18452816,9,44143253,31,0,7,1,2364073
TCB6711153,36,Male,Gold,37693664,8,29083846,19,2,74,0,2175521
TCB7496787,64,Female,Standard,12993313,23,46202901,49,0,12,0,1111694
TCB5589521,29,Male,Priority,553342821,20,29306032,28,0,45,0,27960201
TCB5682535,54,Female,Standard,19969158,30,57769512,50,3,53,0,1576153
TCB5914257,40,Female,Standard,24850814,24,103807453,40,1,17,1,3280615
TCB6542427,34,Female,Standard,19890701,82,207347706,104,4,41,0,3068012
TCB6198774,30,Male,Priority,595879530,40,154765340,49,1,4,1,32341629
TCB3766984,49,Female,Standard,23856789,6,22020504,15,1,21,1,2413044
TCB3442738,45,Male,Standard,14225302,26,86418963,28,0,60,0,1575454
TCB5758338,20,Female,Standard,13535084,60,34112567,71,3,68,0,1017879
TCB3747945,39,Male,Gold,116822433,33,128589420,41,3,73,0,7127015
TCB1005375,56,Female,Gold,124743985,14,10568644,43,0,10,1,7342885
TCB1816235,51,Male,Standard,20762201,20,95058419,49,0,52,1,2988694
TCB6346805,18,Female,Standard,35984499,47,99838467,70,0,32,0,2797609
TCB2461214,59,Male,Priority,109841376,23,105086332,31,0,88,1,7542932
TCB1849535,54,Female,Gold,69877260,44,140758036,74,5,37,1,5901443
TCB9314281,48,Male,Standard,32780559,40,122730462,59,0,62,0,2866332
TCB1745210,28,Female,Standard,32156544,3,10957015,17,0,82,0,1717397
TCB3072965,39,Male,Gold,95879487,10,9056605,13,1,61,0,4884540
TCB4573270,44,Female,Standard,31055465,18,32054753,40,1,42,0,1873320
TCB6660026,24,Male,Standard,12719895,11,10335430,16,0,24,0,739349
TCB4957849,45,Male,Standard,27492073,22,44288954,50,1,34,0,1817493
TCB7705031,54,Male,Priority,460265922,33,118848687,51,2,43,0,24201782
TCB2089019,33,Female,Standard,48706002,19,59408757,40,0,51,0,3029387
TCB4353760,39,Male,Standard,0,14,60805491,35,2,77,1,1608054
TCB3183404,39,Male,Priority,512044996,17,78740093,40,1,80,1,27389650
TCB9976603,42,Male,Standard,6181771,10,9076907,39,1,81,0,399857
TCB1342242,37,Male,Standard,36409189,14,14012063,44,2,13,1,2960580
TCB8295144,68,Female,Gold,136719663,23,44773096,48,0,53,0,7283714
TCB4892541,43,Male,Gold,129237894,31,127301524,48,2,8,1,8734909
TCB1864846,37,Male,Standard,44491814,6,7734417,25,1,81,0,2301934
TCB4928800,23,Female,Standard,28239796,28,87953220,49,1,85,0,2291522
TCB9229857,63,Male,Standard,23040590,16,28350210,16,13,5,1,2435531
TCB1163016,70,Male,Standard,612816,17,32508011,24,4,30,1,1355720
TCB5184747,69,Male,Standard,31447605,10,34902935,21,3,82,0,1921409
TCB4101872,65,Female,Standard,10952379,19,12714517,45,5,79,1,1674764
TCB4403570,70,Male,Gold,105280917,13,34413465,15,0,6,0,5608180
TCB8943882,69,Female,Standard,47690386,8,23497861,23,0,86,0,2619497
TCB5863238,61,Male,Standard,0,19,75271002,23,2,23,1,1752710
TCB2488118,30,Male,Standard,0,16,34292828,28,0,21,0,342928
TCB1200940,56,Male,Gold,183557626,4,12362226,23,2,38,1,10301503
TCB9589515,38,Female,Standard,17294539,31,127844856,41,2,59,0,2143175
TCB7153866,40,Male,Standard,42290151,11,50631465,41,1,36,0,2620822
TCB8774727,30,Male,Standard,21397597,39,175531682,66,0,79,0,2825196
TCB3776361,21,Male,Standard,21638290,6,26718455,24,0,19,0,1349099
TCB2754527,28,Male,Standard,4125141,10,31119984,25,0,5,0,517456
TCB3349625,29,Female,Standard,5648607,17,28768216,21,1,5,1,1570112
TCB5105224,54,Male,Standard,24772027,42,143322726,69,3,20,1,3671828
TCB9594476,56,Female,Gold,55703021,18,65157109,39,0,30,0,3436722
TCB4069835,28,Male,Gold,137269069,26,79730897,40,0,8,0,7660762
TCB3632327,38,Male,Standard,9027161,21,21463076,29,2,81,0,665988
TCB2014217,26,Male,Gold,47321513,11,31133704,21,1,47,0,2677412
TCB8026430,28,Male,Gold,36689449,19,46437315,45,3,36,0,2298845
TCB7725605,20,Male,Standard,0,23,29340470,37,0,67,0,293404
TCB2030143,48,Male,Standard,0,5,21821906,5,1,64,1,1218219
TCB6453041,35,Female,Standard,35787218,35,111909393,60,0,46,0,2908454
TCB4000661,51,Male,Gold,24808800,5,4311425,9,0,70,1,2283554
TCB8214926,34,Male,Gold,49224517,15,65165244,20,2,65,1,4112878
TCB5384108,60,Female,Standard,29068632,34,135315424,38,0,7,1,3806585
TCB5104908,32,Male,Gold,117711031,14,30225861,27,0,84,0,6187810
TCB7616727,41,Female,Standard,5975710,8,31029880,26,1,46,1,1609084
TCB1354264,58,Female,Priority,388004475,45,38961542,54,0,56,0,19789839
TCB1011537,64,Female,Gold,200234889,57,255428590,86,0,66,0,12566030
TCB9716048,30,Female,Gold,74741492,0,0,11,0,80,0,3737074
TCB5993402,54,Female,Standard,0,12,42213230,41,0,9,0,422132
TCB9166594,18,Female,Gold,73907209,2,6014510,4,2,32,1,4755505
TCB6616085,69,Female,Standard,39566272,13,40912518,32,0,31,0,2387438
TCB4507912,52,Male,Standard,15389030,24,66348501,29,0,13,0,1432936
TCB8703115,39,Male,Standard,3358717,1,2235195,13,0,19,0,190287
TCB4373502,49,Female,Standard,22160235,19,31819986,39,5,30,0,1426211
TCB7646064,44,Female,Gold,125827350,16,51706079,36,6,36,0,6808428
TCB9175453,67,Female,Standard,51281920,60,272770793,76,0,6,1,6291803
TCB3854999,65,Female,Gold,121317158,15,50298023,27,0,88,0,6568838
TCB5340793,65,Female,Priority,367920670,14,60401624,27,3,0,0,19000049
TCB2944418,29,Male,Standard,60916736,13,61702661,33,0,46,0,3662863
TCB1876243,18,Female,Standard,17398152,22,91801385,26,2,59,0,1787921
TCB7923282,60,Female,Standard,0,28,91970537,53,0,0,1,1919705
TCB1629253,18,Female,Priority,740262183,10,10869706,29,0,67,0,37121806
TCB9522367,23,Male,Priority,76821436,3,12371375,3,1,66,0,3964785
TCB2244956,30,Male,Gold,113630465,15,31416407,24,2,20,1,6995687
TCB7646744,30,Female,Gold,60427152,27,118130109,33,6,23,1,5202658
TCB2105927,33,Male,Standard,65930377,27,52480549,44,1,61,0,3821324
TCB5656658,46,Male,Standard,36820930,31,37879235,40,3,18,0,2219838
TCB1050393,57,Female,Standard,4637201,22,25008516,23,1,60,1,1481945
TCB6186130,52,Male,Priority,407616515,10,14894706,24,0,68,0,20529772
TCB8834299,31,Female,Standard,45329468,7,33586660,16,0,4,1,3602340
TCB3717297,29,Female,Standard,22311933,14,42081820,16,3,30,1,2536414
TCB6690275,19,Female,Gold,104730975,7,26179801,17,0,27,1,6498346
TCB6843411,22,Male,Gold,100728828,20,99417433,34,0,80,0,6030615
TCB4888929,61,Female,Standard,14751406,9,39100989,34,1,62,0,1128580
TCB4005038,70,Female,Standard,19876094,14,52034574,22,0,69,0,1514150
TCB8483068,30,Male,Standard,31947962,8,39944009,30,4,16,0,1996838
TCB5853934,51,Male,Priority,500424607,15,46110793,45,0,72,0,25482338
TCB8266598,26,Female,Standard,14719197,10,16170509,10,3,89,0,897664
TCB7510025,68,Female,Standard,4507233,28,134035088,40,0,75,0,1565712
TCB2560542,47,Female,Gold,51201118,13,61121727,43,0,84,0,3171273
TCB6116490,40,Female,Standard,26461190,18,23277424,47,0,38,0,1555833
TCB2614099,44,Female,Gold,182107574,26,17127179,38,1,47,1,10276650
TCB5410692,58,Male,Priority,685739597,50,225935932,73,1,67,1,37546339
TCB6956584,61,Male,Gold,55176962,20,53493917,37,1,24,0,3293787
TCB8300803,24,Male,Gold,89143160,25,14526150,46,0,65,1,5602419
TCB4296932,20,Male,Standard,10907115,8,16951950,19,1,4,0,714875
TCB2536690,42,Female,Standard,16464902,26,53782872,49,0,51,0,1361073
TCB1505346,64,Male,Standard,53654739,33,74000528,52,1,64,1,4422742
TCB5106769,38,Male,Standard,15737340,12,45503120,38,1,82,1,2241898
TCB2783269,62,Female,Standard,0,9,14376097,14,0,15,0,143760
TCB9415426,34,Male,Standard,36644133,21,83650431,34,1,46,1,3668710
TCB8100609,22,Female,Standard,10116892,5,6257196,30,2,82,1,1568416
TCB2176814,59,Female,Standard,0,19,18923465,36,0,51,0,189234
TCB1209996,40,Male,Priority,591831491,6,23797067,15,2,65,0,29829545
TCB8335751,59,Male,Standard,0,13,51419467,36,1,45,0,514194
TCB6022052,35,Female,Gold,57469013,10,37755860,27,0,86,0,3251009
TCB9691540,21,Male,Gold,99118118,33,109561819,58,1,40,1,7051524
TCB9103777,64,Female,Standard,16772114,4,7165443,10,3,71,0,910260
TCB4096139,38,Female,Gold,39840934,18,84959210,18,0,54,0,2841638
TCB4834299,52,Male,Standard,29881961,33,52077552,63,1,52,1,3014873
TCB5599337,19,Female,Gold,45367135,19,10599557,40,0,67,0,2374352
TCB7253404,25,Male,Priority,459979098,8,35527571,22,2,32,1,24354230
TCB2183885,21,Female,Standard,0,19,39989221,20,0,33,1,1399892
TCB3521332,70,Male,Gold,64101432,10,13161236,11,1,40,1,4336683
TCB5216724,68,Female,Standard,1657185,8,30843620,15,1,29,1,1391295
TCB4510570,59,Male,Standard,20346793,30,49939519,41,3,41,1,2516734
TCB9063493,69,Female,Gold,138814091,20,85994528,47,1,62,1,8800649
TCB4826965,50,Male,Standard,22089864,15,26340973,17,0,6,0,1367902
TCB9382937,58,Female,Standard,27407537,106,436986328,121,0,80,0,5740240
TCB9955227,24,Female,Gold,143631519,2,2086590,25,1,43,1,8202441
TCB1852797,35,Male,Priority,639037242,42,68609889,62,1,0,1,33637960
TCB7592089,67,Female,Standard,0,8,26017849,17,0,69,0,260178
TCB2495265,61,Female,Standard,0,6,14550778,15,0,25,0,145507
TCB8971052,30,Male,Standard,0,31,84520312,59,0,78,0,845203
TCB4200919,32,Male,Standard,14346257,4,8242107,20,1,13,0,799733
TCB2064154,18,Female,Standard,17292127,24,102646408,33,3,36,1,2891070
TCB3087792,22,Female,Standard,42824919,42,133815970,64,0,4,0,3479405
TCB6424196,29,Male,Priority,308746399,36,137488218,48,0,25,0,16812202
TCB7894620,31,Female,Gold,70969903,5,17909510,19,0,40,0,3727590
TCB1384294,45,Male,Priority,245265479,42,93064414,69,1,70,1,14193918
TCB1543376,64,Male,Gold,127776434,16,42716050,37,3,83,0,6815982
TCB1954087,23,Female,Gold,96286703,13,16513611,22,0,12,1,5979471
TCB7007811,68,Female,Standard,10199932,31,145573997,37,3,46,0,1965736
TCB3294223,53,Male,Standard,6392132,17,64875478,46,0,13,0,968361
TCB3490716,45,Female,Gold,55497473,16,41066449,28,0,90,0,3185538
TCB5231512,61,Female,Gold,165269709,4,9819841,6,3,76,0,8361683
TCB6889318,54,Male,Standard,36622954,14,58739109,27,2,41,1,3418538
TCB7283016,59,Female,Gold,119567199,34,159966159,35,0,79,0,7578021
TCB7535061,51,Female,Priority,413997922,5,24501129,33,0,28,0,20944907
TCB8330886,42,Female,Standard,31979397,36,162422111,65,2,13,1,4223190
TCB2924338,41,Female,Gold,119912709,20,31040769,21,2,15,0,6306043
TCB6204661,63,Male,Standard,40387497,18,73591043,24,0,18,0,2755285
TCB7864409,40,Female,Priority,577310795,21,38741573,24,0,36,0,29252955
TCB8648723,57,Female,Gold,52513219,26,107420654,30,0,87,0,3699867
TCB3395871,54,Female,Standard,32829054,16,56511052,29,0,18,0,2206563
TCB4794983,45,Female,Standard,15769173,11,54883134,26,4,70,0,1337289
TCB6002169,52,Female,Priority,435897122,17,54365934,30,1,0,1,23338515
TCB8805081,46,Male,Standard,41903322,28,60592051,31,0,38,0,2701086
TCB4825072,56,Male,Gold,238267493,17,61337963,33,0,31,1,13526754
TCB4237444,22,Female,Standard,0,2,4105574,9,0,4,0,41055
TCB3809047,45,Female,Standard,44932204,15,49575758,39,1,46,0,2742367
TCB8227040,40,Male,Gold,127424322,17,45433869,38,0,76,0,6825554
TCB3727153,30,Male,Standard,29380177,14,64100534,18,6,5,1,3110014
TCB6236859,25,Female,Gold,0,2,9236987,16,0,7,0,92369
TCB1534447,25,Male,Standard,29254464,38,127171891,45,1,76,0,2734442
TCB1137206,63,Male,Standard,30792534,5,5725348,9,3,89,1,2596880
TCB9412759,18,Male,Priority,593927434,13,14723423,27,3,32,1,30843605
TCB4768639,47,Female,Standard,13215690,10,43079484,32,0,19,0,1091579
TCB7230303,31,Female,Standard,32450177,14,54708987,16,1,89,1,3169598
TCB3344962,42,Male,Standard,41926683,18,11332192,43,4,17,1,3209656
TCB2273217,54,Female,Standard,205494,18,41682592,39,0,62,0,427100
TCB8771046,25,Female,Gold,15366847,28,83455805,33,0,68,1,2602900
TCB5337606,30,Female,Standard,29848570,2,4661360,23,1,16,0,1539042
TCB1848726,49,Male,Gold,144566008,17,77530875,24,0,0,1,9003609
TCB8687631,25,Female,Priority,226356079,17,70933164,24,3,2,1,13027135
TCB7585152,66,Male,Standard,28008711,7,9963754,18,1,90,1,2500073
TCB4391663,54,Male,Standard,22316231,20,33880456,21,3,1,1,2454616
TCB5570987,18,Male,Gold,139064367,45,28479893,45,1,50,0,7238017
TCB9289331,48,Male,Priority,425761562,1,4006472,18,1,10,1,22328142
TCB3352073,63,Male,Standard,10851081,7,32743876,18,0,16,0,869992
TCB3888847,66,Male,Standard,3188939,5,14067656,22,0,3,1,1300123
TCB4873789,63,Male,Gold,141535979,2,1700959,4,2,31,0,7093808
TCB3716418,33,Female,Standard,13325622,8,10819618,35,1,8,0,774477
TCB4490725,34,Female,Standard,5140928,23,102462042,44,2,88,0,1281666
TCB8019961,42,Male,Gold,127430624,9,29882361,32,0,84,0,6670354
TCB4233513,51,Female,Standard,12612763,78,360254005,94,0,28,0,4233178
TCB1227209,69,Male,Priority,826749789,14,65729873,16,1,58,1,42994788
TCB4022034,36,Female,Standard,16973386,38,158679406,65,4,5,1,3435463
TCB1947680,18,Female,Standard,21536963,15,27244730,42,0,5,0,1349295
TCB9609763,70,Female,Standard,25293212,12,53438150,17,0,6,0,1799042
TCB7899166,26,Male,Gold,158864543,5,13319602,12,1,25,0,8076423
TCB3777776,31,Male,Standard,36003504,11,6097394,35,1,13,1,2861149
TCB2273091,36,Female,Standard,70384041,52,164867475,63,0,7,0,5167876
TCB2181735,36,Male,Priority,308736047,21,16384178,46,2,52,0,15600644
TCB2051545,25,Male,Standard,32769708,18,72252584,27,1,24,0,2361011
TCB1572517,48,Female,Gold,159587476,38,87856130,50,0,18,0,8857935
TCB2209063,45,Female,Standard,0,35,66600112,54,1,9,1,1666001
TCB6669319,63,Female,Priority,418995048,66,93792720,72,3,10,1,22887679
TCB1039934,34,Male,Standard,10903553,15,34724696,30,0,23,0,892424
TCB6603705,67,Male,Standard,40228843,20,87914549,45,1,81,1,3890587
TCB4104444,58,Female,Standard,0,45,130541151,69,4,56,0,1305411
TCB1812568,48,Female,Standard,0,3,5037071,8,0,12,1,1050370
TCB9229864,23,Male,Standard,26397616,11,28509592,32,0,85,0,1604976
TCB1158668,30,Female,Gold,123099439,54,137724581,76,2,85,1,8532217
TCB3516522,45,Male,Standard,41992353,23,58945040,51,2,80,0,2689068
TCB9372297,55,Female,Standard,24376343,18,18801004,25,1,84,0,1406827
TCB4892187,23,Female,Standard,46477989,16,60121847,20,3,39,0,2925117
TCB1844280,70,Female,Priority,359405182,17,84664129,24,0,33,1,19816900
TCB9526157,42,Male,Standard,22208819,52,134556564,74,0,17,0,2456006
TCB1888764,29,Male,Priority,333748379,25,101181388,52,0,58,1,18699232
TCB3671105,26,Male,Standard,19526411,10,19133811,18,1,4,0,1167658
TCB3003110,49,Female,Standard,10730593,5,22812249,13,0,81,0,764652
TCB6138219,44,Female,Gold,67171874,7,17545702,26,1,69,1,4534050
TCB7919879,38,Female,Standard,15874700,57,90358612,76,1,24,0,1697321
TCB8295762,22,Female,Standard,0,9,43133631,10,0,60,0,431336
TCB6071968,25,Female,Standard,24552720,37,58223926,37,1,69,1,2809875
TCB2945324,32,Male,Standard,38425454,22,49996012,52,1,41,0,2421232
TCB8332433,40,Male,Gold,79931155,25,111372035,55,0,2,0,5110278
TCB2404582,59,Male,Gold,163303187,2,8858781,20,1,1,1,9253747
TCB2617472,22,Female,Gold,96609995,16,57423342,16,6,25,0,5404733
TCB2999570,39,Male,Standard,6067525,31,96098772,40,0,64,0,1264363
TCB3179421,20,Female,Standard,26764904,23,49699948,45,3,60,1,2835244
TCB5848271,60,Male,Priority,0,24,36245468,41,0,26,0,362454
TCB2978624,36,Male,Standard,18909485,22,61716775,50,0,88,0,1562642
TCB4640624,43,Male,Gold,102112839,27,37038908,57,0,22,0,5476031
TCB2493766,58,Male,Standard,14390350,15,22287147,45,1,90,1,1942388
TCB1118731,50,Male,Gold,65049905,39,22330208,66,4,77,0,3475797
TCB7219840,44,Female,Standard,15234522,27,114757295,41,0,2,0,1909299
TCB7979069,22,Female,Standard,29070936,9,25299581,29,1,67,0,1706542
TCB3101066,31,Female,Gold,62616941,16,68343967,32,12,2,1,4814286
TCB6539435,61,Female,Gold,135808376,5,13082776,26,5,7,1,7921246
TCB2411196,36,Male,Standard,30116038,12,42429845,19,3,71,0,1930100
TCB4521522,30,Male,Gold,175635943,19,81598612,43,3,12,1,10597783
TCB2129008,38,Male,Gold,134142473,47,84481332,77,3,28,1,8551936
TCB1049756,29,Male,Gold,122976944,7,28615300,36,3,28,0,6435000
TCB1779946,29,Male,Priority,429335016,16,74794385,46,0,15,1,23214694
TCB5270690,25,Female,Standard,10150885,11,6143474,11,0,33,0,568978
TCB3493441,40,Male,Standard,15438850,19,90480924,28,0,22,1,2676751
TCB9209287,43,Male,Gold,9919190,20,82805452,41,1,72,0,1324014
TCB7584449,32,Male,Standard,24811898,12,39528997,33,1,50,0,1635884
TCB2163745,47,Female,Standard,19616443,8,32616584,33,1,3,1,2306987
TCB3905713,43,Female,Gold,60305935,8,17462738,12,1,25,1,4189924
TCB6286633,49,Male,Standard,27067205,45,158139399,53,0,19,0,2934754
TCB3253858,19,Male,Standard,10133130,25,89966167,38,4,89,1,2406318
TCB5178621,50,Female,Gold,84868222,26,71560743,34,1,34,0,4959018
TCB1045363,54,Male,Standard,29741136,48,184868775,77,1,41,1,4335744
TCB8798909,54,Female,Gold,105500899,10,21066245,30,0,45,0,5485707
TCB3597234,53,Male,Gold,66828055,31,113303615,54,1,84,1,5474438
TCB6418941,51,Male,Standard,28174012,17,31677862,20,3,77,0,1725479
TCB6151786,49,Male,Standard,36094917,25,61175585,41,14,89,1,3416501
TCB7755537,63,Female,Gold,174112744,10,31140805,14,1,8,1,10017045
TCB1493803,25,Male,Gold,52607844,49,28608420,51,1,64,1,3916476
TCB4281393,55,Male,Standard,13253382,8,5599358,31,1,50,1,1718662
TCB2134975,39,Male,Standard,19648195,15,58068081,23,0,66,0,1563090
TCB1979622,25,Female,Priority,751976152,5,14785130,7,1,16,1,38746658
TCB3138866,26,Male,Gold,41847938,24,67487328,43,1,65,1,3767270
TCB6869998,55,Male,Standard,33955853,6,29263002,13,1,35,0,1990422
TCB5917005,60,Male,Priority,163745410,4,9763481,30,0,33,0,8284905
TCB3623786,62,Male,Standard,55623811,30,32264068,34,2,54,0,3103831
TCB1193532,20,Female,Standard,37301726,19,23496196,21,3,71,1,3100048
TCB8273499,60,Female,Standard,45100858,6,28745744,34,0,64,0,2542500
TCB3986772,69,Female,Standard,40419369,7,30310626,36,3,14,0,2324074
TCB7113099,21,Male,Gold,71735838,16,31317988,25,0,57,0,3899971
TCB5449499,28,Male,Standard,11274311,35,147111235,43,1,87,0,2034827
TCB4280019,52,Female,Gold,184070530,25,124166838,38,10,76,0,10445194
TCB3751117,38,Male,Standard,35886278,4,14013559,12,1,88,1,2934449
TCB4657135,44,Male,Standard,17505189,19,35690187,39,3,60,1,2232161
TCB7539201,63,Male,Standard,33117213,4,11133462,19,3,30,0,1767195
TCB3002419,36,Male,Gold,67447710,16,43322538,34,4,79,1,4805610
TCB1353979,39,Female,Standard,26144145,11,29582176,27,2,42,0,1603029
TCB2452871,23,Male,Priority,362056810,13,6737711,33,2,13,1,19170217
TCB3401824,34,Male,Gold,100556632,18,46270984,38,0,8,1,6490541
TCB4311584,61,Male,Standard,37781822,18,40942495,37,1,45,0,2298516
TCB1811985,55,Male,Gold,101453037,22,88209250,25,0,43,0,5954744
TCB7446259,68,Male,Standard,23305854,13,52307432,26,1,1,0,1688367
TCB3116203,26,Female,Standard,3297479,11,36822965,30,0,76,0,533103
TCB3334840,67,Male,Standard,9172452,1,2866542,15,1,84,0,487288
TCB1604974,34,Male,Gold,111256382,28,81248961,35,8,9,0,6375308
TCB8125569,56,Female,Standard,23692017,8,16519109,26,1,30,1,2349791
TCB2900779,25,Male,Gold,88058212,9,17580517,16,0,8,1,5578715
TCB6763709,24,Male,Priority,427607174,12,21617015,20,1,15,0,21596528
TCB4803832,54,Female,Gold,101675238,35,61285483,58,0,86,0,5696616
TCB8866840,25,Female,Standard,14423863,11,45837684,41,1,33,0,1179569
TCB6153915,60,Female,Gold,53326900,12,8676261,40,1,39,1,3753107
TCB3640878,43,Female,Priority,462940839,13,27350814,39,0,85,0,23420550
TCB2297492,27,Female,Standard,5947219,21,103030022,30,3,16,1,2327661
TCB2419925,32,Female,Standard,35236346,20,36683982,46,1,27,1,3128657
TCB6760275,27,Female,Standard,18203587,15,12289544,18,6,11,0,1033074
TCB3046585,46,Female,Priority,535618751,19,47312382,31,3,35,0,27254061
TCB7585519,52,Male,Standard,34823322,13,51555963,37,5,56,1,3256725
TCB4609658,47,Female,Gold,159267087,12,19373801,37,0,8,1,9157092
TCB1196887,51,Male,Standard,50245635,35,31649966,41,2,3,0,2828781
TCB6735232,37,Female,Gold,148631707,10,43461520,14,1,30,1,8866200
TCB8788836,50,Male,Standard,13207168,15,55624094,19,1,24,1,2216599
TCB2887792,45,Male,Gold,69049120,37,170654603,43,3,86,0,5159002
TCB8908849,47,Female,Priority,133332162,8,15935113,36,2,57,1,7825959
TCB7996771,29,Female,Standard,20565292,20,58299976,36,0,61,0,1611264
TCB8223336,32,Male,Standard,17524451,0,0,19,0,35,0,876222
TCB8486572,35,Female,Standard,38796109,2,1794938,18,0,18,0,1957754
TCB2470665,18,Female,Standard,14017592,17,37528675,22,9,63,1,2076166
TCB9146509,53,Female,Standard,5664516,27,42272928,33,1,43,1,1705955
TCB5947142,23,Male,Standard,36334111,7,25652900,19,2,49,1,3073234
TCB6391933,52,Male,Standard,0,3,5242105,22,0,16,0,52421
TCB2525427,48,Male,Standard,15486008,4,13959690,7,0,33,0,913897
TCB7011162,38,Male,Gold,96541130,12,29373806,16,1,65,0,5120794
TCB9182597,48,Female,Gold,144626427,21,23406630,34,2,45,0,7465387
TCB2773661,18,Male,Standard,20714406,11,48141863,13,0,39,0,1517138
TCB6268273,45,Female,Standard,41280532,24,48425843,44,0,58,1,3548285
TCB5872134,28,Female,Gold,105790678,36,132462568,52,0,68,0,6614159
TCB6193723,50,Male,Standard,11106336,9,25187094,28,3,4,0,807187
TCB1441975,29,Female,Gold,75378772,41,175172318,54,3,50,0,5520661
TCB7347077,46,Male,Standard,2983409,35,133647571,61,6,88,1,2485646
TCB9695817,18,Male,Gold,108969516,11,42495237,27,0,27,1,6873428
TCB8369893,69,Male,Gold,146848309,9,16087586,18,0,80,0,7503291
TCB5011407,68,Male,Gold,46027877,36,92401923,61,0,16,1,4225413
TCB2566990,26,Male,Gold,193608105,6,9006908,22,1,5,1,10770474
TCB1870651,49,Female,Standard,38339804,1,911178,31,0,48,0,1926101
TCB7263717,32,Male,Standard,30166724,90,413536554,108,1,45,0,5643701
TCB1425429,39,Female,Standard,42918196,2,1144346,4,2,89,0,2157353
TCB5743044,48,Male,Standard,3704953,45,62122192,66,1,64,0,806469
TCB8950466,54,Male,Gold,100047895,7,28888720,33,3,65,1,6291281
TCB2867639,63,Female,Standard,0,3,10080441,28,2,41,0,100804
TCB3252749,56,Male,Standard,5699198,9,25235265,11,1,49,1,1537312
TCB7711847,55,Male,Standard,18270439,6,12852912,13,2,88,0,1042051
TCB6195099,25,Female,Standard,33961845,1,3981498,25,1,75,0,1737907
TCB3068761,25,Male,Standard,19942481,23,77871179,28,1,25,1,2775835
TCB4188860,23,Male,Gold,100682323,20,31865677,43,1,29,1,6352772
TCB8360924,60,Male,Standard,39551094,22,35660527,27,1,10,0,2334159
TCB4142654,53,Female,Standard,38601054,6,5433156,6,0,21,0,1984384
TCB7789094,21,Female,Gold,134180931,12,52989529,27,0,29,1,8238941
TCB2617088,58,Male,Standard,29928796,7,23360109,11,0,86,0,1730040
TCB6965500,40,Female,Priority,987245205,6,5225659,8,0,78,0,49414516
TCB2819492,58,Female,Standard,22496766,14,11490073,39,0,76,0,1239739
TCB3009688,19,Male,Standard,12767323,44,103982094,67,0,72,0,1678187
TCB4815083,30,Male,Gold,132520475,5,14985009,14,1,29,0,6775873
TCB2373423,41,Female,Standard,6769613,43,116321366,55,1,72,1,2501694
TCB7546418,33,Female,Gold,124966727,26,104742083,39,0,76,0,7295757
TCB3811585,66,Female,Standard,23826649,100,122717610,115,4,82,1,3418508
TCB7624120,63,Female,Standard,14477866,21,54848723,22,1,66,0,1272380
TCB1068668,49,Male,Gold,8482290,22,102787972,38,2,29,0,1451994
TCB2237514,48,Male,Standard,30263211,15,55646344,31,1,3,1,3069623
TCB2661545,51,Female,Standard,35510045,12,23359422,23,1,48,1,3009096
TCB6191793,66,Female,Standard,10187502,0,0,17,0,45,0,509375
TCB4850114,25,Female,Gold,97297843,16,11627040,19,0,52,1,5981162
TCB9209481,23,Female,Standard,0,14,31201846,30,0,89,0,312018
TCB4052838,18,Male,Gold,107935420,11,14381220,13,1,7,1,6540583
TCB9617932,44,Female,Gold,111150961,16,25995347,39,0,83,0,5817501
TCB5040463,39,Female,Gold,7448858,42,198581097,69,0,29,0,2358253
TCB7380061,42,Male,Standard,7576616,10,7982090,28,3,9,0,458651
TCB4404356,59,Male,Standard,47642490,8,13038718,30,2,40,1,3512511
TCB8321118,35,Female,Standard,33565826,20,54077090,33,0,51,0,2219062
TCB7646179,34,Female,Standard,9167409,33,21248092,47,0,76,0,670851
TCB6733339,40,Female,Gold,200361320,11,13659200,31,1,89,1,11154658
TCB9630978,53,Female,Priority,393401934,27,86763113,30,1,79,1,21537727
TCB5718987,26,Male,Standard,30305172,21,15353946,27,0,21,0,1668798
TCB9098462,69,Female,Gold,19128000,3,2845460,13,0,72,0,984854
TCB9888725,24,Female,Standard,30795531,9,37640133,25,0,43,0,1916177
TCB5955669,62,Male,Gold,65750829,11,30967923,19,1,10,0,3597220
TCB3570902,55,Male,Gold,144178118,8,11846566,29,1,72,0,7327371
TCB9249070,70,Female,Standard,23451445,44,195696566,56,1,18,1,4129537
TCB1156445,54,Female,Standard,25426293,13,15262526,20,0,56,0,1423939
TCB4280243,24,Female,Standard,20534617,12,19630052,40,2,15,1,2223031
TCB5878455,42,Male,Standard,0,12,14974597,19,0,77,0,149745
TCB4701876,24,Female,Standard,16668513,8,6930342,32,0,22,0,902729
TCB9949045,56,Male,Standard,41295447,41,20803480,41,0,85,0,2272807
TCB8842866,52,Female,Standard,31300397,22,32859696,29,2,66,0,1893616
TCB8473339,30,Male,Standard,0,7,26879423,27,0,63,0,268794
TCB4163625,57,Male,Gold,86859888,19,71033462,38,1,33,0,5053329
TCB8678557,47,Female,Gold,43385589,9,34186743,38,2,29,1,3511146
TCB7353212,42,Male,Standard,37312661,10,9742368,20,1,46,0,1963056
TCB1697932,61,Male,Standard,26736593,15,28228913,33,1,81,1,2619118
TCB2619178,61,Male,Standard,0,24,52167379,38,2,27,1,1521673
TCB2671517,19,Male,Standard,22502491,41,135117184,54,0,23,0,2476296
TCB1829184,43,Male,Standard,14340058,4,19660483,21,4,8,0,913607
TCB1003651,39,Male,Gold,143073180,14,55866377,36,0,58,0,7712322
TCB7491806,47,Female,Gold,63998720,20,47738699,37,0,72,0,3677322
TCB9850512,36,Female,Standard,20786750,22,40977175,23,0,70,0,1449109
TCB2570359,25,Male,Standard,39183344,11,18276759,21,2,89,0,2141934
TCB8830211,47,Male,Gold,181112752,2,4675667,25,1,10,1,10102394
TCB6098406,25,Male,Standard,31382734,9,37787589,37,3,6,1,2947012
TCB7602542,40,Male,Standard,49895010,18,28052040,46,3,89,0,2775270
TCB7457911,62,Female,Standard,19638448,8,9848839,18,0,83,0,1080410
TCB9113685,56,Male,Priority,435027260,2,5655713,12,1,85,0,21807920
TCB4625371,44,Male,Standard,10716052,8,26925237,36,1,32,0,805054
TCB5695871,46,Female,Gold,75941999,14,50205767,26,2,34,0,4299157
TCB4198366,58,Female,Standard,5334140,20,53523323,33,0,90,1,1801940
TCB1341926,46,Male,Standard,5859235,8,33797197,31,1,70,0,630933
TCB9164621,21,Male,Priority,344602026,26,41197857,29,0,48,0,17642079
TCB6650289,30,Male,Gold,211645719,12,17243781,28,0,20,1,11754723
TCB9043437,56,Female,Gold,26696627,27,32634122,36,0,53,0,1661172
TCB7927524,50,Male,Standard,13589542,21,87604811,49,1,68,1,2555525
TCB4137203,60,Male,Gold,44062983,33,160932523,50,0,85,0,3812474
TCB2044185,59,Male,Gold,29214584,8,10267624,20,3,43,0,1563405
TCB9857123,22,Female,Gold,127998093,14,69192625,26,0,70,1,8091830
TCB9817432,70,Female,Standard,53067161,12,46600315,12,10,88,0,3119361
TCB9512784,30,Female,Gold,116104480,34,95134839,55,0,69,0,6756572
TCB6210586,33,Female,Standard,0,13,44102350,34,5,45,1,1441023
TCB6015669,33,Female,Standard,31511737,32,59722156,34,0,46,0,2172808
TCB3747931,22,Male,Standard,7935407,5,15941251,12,5,17,1,1556182
TCB5447886,27,Male,Gold,72355159,24,58257769,52,3,61,0,4200335
TCB3200950,22,Female,Standard,15575825,24,104722075,42,4,23,1,2826012
TCB4850039,36,Male,Standard,0,14,61554835,19,3,50,0,615548
TCB9161978,64,Male,Standard,2764165,26,47291415,28,7,48,1,1611122
TCB3537839,63,Female,Standard,162626,15,59243965,19,2,66,1,1600570
TCB8111987,45,Male,Priority,626857218,20,97272587,21,3,78,1,33315586
TCB7643837,55,Female,Standard,69688650,1,2189898,23,0,34,0,3506331
TCB1000646,26,Male,Standard,24190010,23,57109941,41,1,39,0,1780599
TCB2877342,42,Female,Gold,132551002,41,44823655,63,0,36,1,8075786
TCB5764106,19,Male,Gold,141752326,42,151315913,67,4,59,0,8600775
TCB2028861,31,Female,Standard,25279569,27,112834018,55,1,86,0,2392318
TCB7101859,29,Male,Gold,109757609,16,65085898,20,7,26,1,7138739
TCB3640295,69,Female,Standard,0,23,68464371,50,1,90,0,684643
TCB7758898,47,Male,Gold,52804567,8,27052046,14,1,50,0,2910748
TCB1583307,54,Female,Standard,16749412,32,110364682,55,0,64,0,1941117
TCB4980475,37,Female,Standard,7806589,6,4729266,24,0,18,0,437622
TCB3297155,44,Female,Priority,880624219,21,57068566,28,0,39,0,44601896
TCB6065062,36,Female,Standard,38551582,13,52124664,35,7,88,1,3448825
TCB1910723,40,Male,Standard,22062864,3,14338299,15,0,19,0,1246526
TCB9321769,53,Male,Standard,21917017,18,37150064,31,0,40,0,1467351
TCB8176680,33,Male,Gold,104854160,18,80681382,34,4,15,1,7049521
TCB4688450,39,Male,Standard,37889886,8,35651247,32,0,77,0,2251006
TCB7795191,25,Male,Gold,127754514,23,83752782,38,1,30,0,7225253
TCB7096311,64,Male,Gold,107196035,17,58986518,26,2,32,1,6949666
TCB6042161,60,Female,Standard,5711055,17,19948661,27,3,6,0,485039
TCB8661870,33,Male,Gold,117728827,18,33192154,34,0,67,0,6218362
TCB7245624,54,Male,Gold,73224346,9,18299547,22,0,50,0,3844212
TCB7430083,68,Male,Standard,13549563,21,79367235,40,3,58,1,2471150
TCB1248123,60,Female,Standard,2073132,37,85086561,41,2,77,0,954522
TCB5884537,47,Female,Standard,6984997,27,65105007,35,0,0,0,1000299
TCB1499632,67,Male,Standard,35689913,10,14428858,35,9,74,0,1928784
TCB7285493,37,Male,Priority,569330924,15,52970784,24,2,52,1,29996254
TCB9513388,33,Male,Gold,115471229,16,18338074,32,2,28,1,6956942
TCB6485580,40,Male,Standard,16933297,26,121092638,39,1,39,0,2057591
TCB4298630,64,Male,Standard,33996530,11,9640579,34,0,25,0,1796232
TCB4658780,51,Male,Standard,0,9,30589423,26,2,70,0,305894
TCB3860801,28,Male,Standard,18694951,53,126623002,64,1,58,1,3200977
TCB5164161,28,Female,Standard,16508094,18,54084196,28,1,47,0,1366246
TCB4433501,67,Male,Standard,35810430,29,27384551,41,0,23,0,2064367
TCB9293868,23,Male,Gold,67236681,15,19898809,39,1,59,1,4560822
TCB1975026,63,Male,Gold,112730297,47,140893879,47,1,51,0,7045453
TCB3802980,61,Female,Standard,39983019,2,7394452,32,1,9,1,3073095
TCB2185244,56,Female,Standard,37902414,33,160451703,63,0,34,0,3499637
TCB9844886,38,Male,Standard,57445473,18,38355585,40,1,0,1,4255829
TCB8890840,30,Male,Standard,2422301,25,23023675,37,0,1,0,351351
TCB7976539,55,Male,Gold,66362241,21,27416561,41,3,64,0,3592277
TCB9615974,25,Male,Standard,13366689,40,23918754,51,1,82,0,907521
TCB4455625,26,Female,Standard,26150774,8,38965352,25,1,63,1,2697192
TCB2111322,34,Female,Standard,11992692,14,63965116,39,0,4,0,1239285
TCB4405713,18,Female,Standard,30158281,20,21928567,27,3,51,0,1727199
TCB4560269,49,Female,Standard,18271480,3,6620592,31,0,47,0,979779
TCB8339543,66,Female,Gold,42220337,11,22674707,33,1,27,1,3337763
TCB9037438,50,Female,Gold,69086994,23,102600150,45,3,58,1,5480351
TCB2053625,41,Female,Standard,8340726,43,193125562,61,6,38,1,3348291
TCB1917044,49,Male,Priority,762288058,20,66860422,38,1,71,1,39783007
TCB9914243,44,Female,Gold,80535562,22,29265273,51,1,0,1,5319430
TCB1187049,30,Male,Standard,36676068,8,21948536,25,3,77,0,2053288
TCB6660458,65,Male,Standard,12442189,0,0,12,0,86,0,622109
TCB1030126,34,Male,Priority,519015394,8,36808997,34,1,51,1,27318859
TCB5633542,37,Male,Priority,642985511,11,32636167,36,4,53,0,32475637
TCB3036067,56,Male,Gold,147526092,43,128523256,50,1,24,1,9661537
TCB1361844,64,Male,Standard,31526743,33,52997428,50,1,43,1,3106311
TCB9124820,38,Male,Standard,31580769,5,8210294,11,1,82,0,1661141
TCB9455601,30,Male,Standard,33019634,10,26079636,39,1,12,1,2911778
TCB7116652,36,Male,Standard,8666309,10,35619680,37,1,82,1,1789512
TCB2925898,67,Female,Gold,130544611,11,22587638,18,0,0,0,6753106
TCB7635825,61,Male,Gold,57447471,7,33087925,7,0,0,0,3203252
TCB6472986,47,Male,Priority,336748352,28,75129561,48,1,68,1,18588713
TCB9023590,51,Female,Gold,99834876,20,97852409,39,3,84,0,5970267
TCB4721272,48,Female,Standard,7253,34,139367573,36,1,78,0,1394038
TCB5952301,49,Male,Standard,29364012,29,29339510,53,3,73,1,2761595
TCB2258274,70,Female,Standard,16351958,31,138944603,61,3,75,1,3207043
TCB4127614,62,Female,Standard,42057881,12,9723435,13,0,44,0,2200128
TCB5561614,45,Male,Gold,142991368,17,84467075,47,0,48,0,7994239
TCB4178183,23,Female,Standard,31387759,48,225420736,54,0,38,0,3823595
TCB9696360,34,Male,Standard,38193525,18,44272463,30,3,26,1,3352400
TCB1934030,29,Female,Standard,30043865,16,54797847,32,2,41,0,2050171
TCB9960262,21,Male,Standard,18148980,29,130616149,48,0,33,0,2213610
TCB4225887,57,Male,Priority,167021999,11,9724217,32,1,82,0,8448342
TCB9197994,35,Female,Standard,28027572,21,16002882,46,1,85,0,1561407
TCB7405234,44,Male,Gold,118845635,15,44104641,16,0,69,0,6383328
TCB4418086,63,Female,Priority,381778624,5,22413944,28,3,62,0,19313070
TCB3500975,25,Female,Standard,22513372,7,24249901,27,3,0,0,1368167
TCB7155535,34,Female,Standard,21145264,4,3066672,4,0,61,0,1087929
TCB8036741,28,Male,Standard,24686510,29,38349376,45,0,9,0,1617819
TCB4821113,48,Male,Standard,22878471,19,50309629,41,0,56,0,1647019
TCB2498554,69,Female,Gold,0,7,18534599,27,1,1,0,185345
TCB6867428,37,Female,Standard,23280010,23,88619233,40,1,75,1,3050192
TCB6014998,35,Male,Standard,15043004,11,48371265,21,0,70,0,1235862
TCB6492530,46,Male,Standard,12892144,12,34229056,32,0,55,0,986897
TCB6674190,65,Male,Standard,62275943,40,113114959,67,3,53,0,4244946
TCB7182572,70,Female,Priority,468967508,17,12515218,34,1,53,0,23573527
TCB4514504,66,Female,Gold,107323619,29,45508791,45,0,83,0,5821268
TCB6657764,66,Male,Gold,64277175,21,33292301,32,0,41,0,3546781
TCB5062370,56,Male,Standard,0,25,42600421,27,4,45,1,1426004
TCB6944038,27,Male,Standard,15793746,36,51042658,47,6,12,1,2300113
TCB3634044,56,Male,Gold,133957839,29,139292277,56,4,36,1,9090814
TCB8020963,37,Female,Standard,0,26,97314915,50,4,54,1,1973149
TCB1883717,34,Female,Standard,0,1,2813514,21,0,79,0,28135
TCB5733513,68,Male,Standard,0,9,44311625,31,5,9,1,1443116
TCB5094897,38,Male,Standard,39440729,30,75522779,31,0,7,1,3727264
TCB7330352,65,Female,Gold,13412250,21,78664800,35,4,2,1,2457260
TCB3076374,20,Female,Standard,30799085,22,43728255,48,0,45,0,1977236
TCB3797365,23,Female,Priority,702017729,43,168341867,64,1,34,0,36784305
TCB1415888,66,Female,Gold,87686304,23,37315489,47,0,85,0,4757470
TCB5594251,18,Female,Gold,119146458,7,30495017,17,2,86,1,7262273
TCB4874042,18,Female,Standard,38986403,25,90653387,54,2,6,1,3855854
TCB2312505,21,Female,Gold,120756710,27,98485536,38,4,65,0,7022690
TCB1571671,24,Female,Standard,48643379,23,49816479,44,2,12,1,3930333
TCB4686957,49,Male,Standard,23287843,26,105926016,35,4,31,1,3223652
TCB5553960,30,Female,Gold,94758463,24,84016823,40,0,88,0,5578091
TCB4842352,50,Female,Standard,0,18,77507524,46,0,46,0,775075
TCB4864421,61,Male,Priority,875338588,26,46036633,40,1,8,1,45227295
TCB2383704,25,Female,Standard,36624666,15,29854034,19,2,38,1,3129773
TCB6181442,53,Male,Standard,9521751,42,152803876,71,2,89,0,2004126
TCB3213843,49,Male,Standard,10284901,30,89451268,47,0,68,0,1408757
TCB9338868,45,Male,Standard,33270876,13,10006583,27,0,10,0,1763609
TCB5463521,22,Male,Standard,4379442,2,2128376,21,2,83,0,240255
TCB6443058,37,Female,Gold,43435999,11,11448672,31,0,10,1,3286286
TCB4201585,29,Male,Gold,158798982,10,37079522,26,1,0,1,9310744
TCB2875828,30,Male,Standard,16848583,5,22147502,27,1,7,1,2063904
TCB8212015,70,Male,Gold,0,5,8641886,11,0,22,0,86418
TCB5912381,45,Male,Gold,78838267,10,32952690,33,0,55,0,4271440
TCB8858778,39,Female,Standard,0,9,5405726,20,0,48,0,54057
TCB2225889,66,Male,Gold,102930372,29,62963878,40,8,29,0,5776157
TCB7497426,25,Male,Gold,181408488,13,19965235,37,1,45,0,9270076
TCB6045268,66,Male,Standard,22529237,31,130926525,49,3,83,0,2435727
TCB6217266,62,Male,Standard,46736161,7,8380319,28,0,58,0,2420611
TCB6307547,32,Female,Priority,246337187,24,87808973,46,0,34,0,13194949
TCB7276476,20,Male,Standard,28189689,10,9096849,40,2,31,1,2500452
TCB5746662,33,Female,Gold,95910595,4,19540277,9,0,66,1,5990932
TCB9916554,68,Female,Standard,18240650,5,22811844,18,1,8,1,2140150
TCB7636312,58,Female,Gold,162750470,8,38396937,11,2,16,1,9521492
TCB7150589,40,Male,Priority,1073172695,35,22758640,36,6,35,1,54886221
TCB9608615,67,Female,Gold,99626631,9,22921949,24,4,44,0,5210551
TCB6671499,70,Female,Standard,22677461,15,26528476,37,1,59,0,1399157
TCB7582277,57,Male,Standard,2808183,4,13681227,12,4,40,0,277221
TCB3525817,26,Female,Standard,44157967,27,117945925,48,0,11,0,3387357
TCB3045351,63,Male,Gold,3490085,14,21503442,40,1,12,1,1389538
TCB8269089,65,Male,Standard,15811888,40,80757098,60,2,27,1,2598165
TCB8685381,47,Female,Gold,41074967,14,28768060,33,0,8,0,2341428
TCB4391649,51,Male,Standard,17112504,20,60620508,38,0,90,0,1461830
TCB1954635,21,Female,Priority,892470927,9,14122485,19,0,46,0,44764771
TCB2025622,19,Female,Standard,19532224,5,4337824,35,0,37,0,1019989
TCB1752306,31,Male,Standard,17452607,12,19483919,34,0,83,0,1067469
TCB3001803,47,Female,Standard,22771181,28,75974781,54,0,58,0,1898306
TCB7570453,70,Male,Priority,562094192,29,67810429,47,1,51,1,29782813
TCB1375964,48,Male,Standard,27330559,62,234802450,85,4,37,0,3714552
TCB2232683,51,Female,Gold,100334476,11,38767543,25,2,77,1,6404399
TCB4080553,33,Male,Standard,0,28,119280384,42,1,55,1,2192803
TCB2301211,34,Female,Standard,40348813,36,140850823,39,3,53,1,4425948
TCB6947559,48,Male,Standard,27496512,54,153252723,69,2,79,0,2907352
TCB8139343,26,Female,Standard,29932472,2,6876125,20,0,52,0,1565384
TCB8223907,56,Female,Gold,134496642,12,12723567,33,3,1,1,7852067
TCB4020861,23,Male,Standard,36562346,5,14640342,23,1,39,0,1974520
TCB5783108,60,Female,Gold,58162924,3,11765471,17,0,33,0,3025800
TCB9839072,18,Male,Standard,41823949,39,59760677,55,0,65,0,2688804
TCB2229211,62,Female,Standard,30795317,39,85919907,57,1,87,0,2398964
TCB5894719,69,Female,Standard,23214615,29,110105080,46,3,54,0,2261781
TCB9303136,61,Male,Gold,0,34,71328539,49,0,26,1,1713285
TCB5903422,29,Male,Standard,0,30,139992179,45,0,47,0,1399921
TCB9011515,19,Male,Gold,140942282,15,73935045,39,1,69,0,7786464
TCB7653662,41,Male,Standard,19862964,21,29129166,28,2,75,1,2284439
TCB4530510,23,Female,Standard,28093022,1,556726,19,1,72,0,1410218
TCB6206325,65,Male,Standard,3508486,10,27362497,36,3,59,1,1449049
TCB4852935,28,Female,Gold,116761811,15,30876680,17,2,61,1,7146857
TCB5837367,58,Female,Gold,125586234,12,40261180,27,2,19,1,7681923
TCB4907848,45,Male,Standard,55806744,16,75746705,31,0,3,0,3547804
TCB4668723,27,Female,Standard,7204612,40,169172742,61,9,21,1,3051958
TCB6920417,64,Female,Standard,0,18,51614518,27,1,53,0,516145
TCB5224590,66,Female,Standard,17068166,22,57511265,30,1,7,0,1428520
TCB3829582,34,Female,Gold,139046581,22,17149710,41,7,33,1,8123826
TCB8926054,29,Female,Gold,204664962,7,28374464,25,1,50,0,10516992
TCB1104569,49,Male,Standard,0,12,59743366,17,4,24,0,597433
TCB5334658,62,Male,Gold,181094643,24,111401945,39,0,49,0,10168751
TCB8130766,20,Female,Standard,17348244,14,9157485,30,0,28,0,958987
TCB4525102,21,Male,Standard,23086084,13,17680204,25,2,1,0,1331106
TCB8562839,52,Male,Standard,0,4,10028408,31,2,43,1,1100284
TCB8409150,68,Female,Standard,39694657,23,79684113,37,0,46,0,2781573
TCB2874900,56,Female,Standard,7568629,37,152407299,57,4,65,0,1902504
TCB3589136,38,Female,Gold,68890329,23,35407797,36,1,46,0,3798594
TCB3716378,52,Female,Standard,379047,19,10321197,45,2,47,0,122164
TCB6638869,19,Male,Gold,171612081,20,13753953,43,1,77,1,9718143
TCB9692370,63,Female,Standard,6143694,13,61826326,30,6,73,1,1925447
TCB6094895,29,Female,Standard,42884250,25,83928313,31,0,33,0,2983495
TCB3735967,20,Male,Gold,29505254,11,32218704,27,1,87,0,1797449
TCB7986829,61,Male,Priority,288343404,6,14932811,10,4,29,1,15566498
TCB9213896,32,Female,Priority,256039085,37,28112545,58,1,21,0,13083079
TCB6753074,41,Female,Gold,128224742,22,73275880,35,2,26,0,7143995
TCB7654868,57,Male,Standard,33157550,10,31817289,22,3,36,0,1976050
TCB9855272,29,Male,Standard,27321064,26,114675985,31,0,80,0,2512813
TCB4179511,50,Male,Gold,71657088,40,65543202,58,0,87,0,4238286
TCB8477763,33,Female,Standard,10592867,20,75782454,32,3,76,0,1287467
TCB3054472,24,Male,Priority,865213526,13,26585780,15,5,45,1,44526534
TCB5262037,62,Female,Standard,26271963,28,29077289,43,0,89,0,1604371
TCB9203920,45,Female,Standard,11850759,13,54315835,21,4,70,0,1135696
TCB2801165,33,Female,Standard,31510759,26,105019953,54,0,50,0,2625737
TCB8848536,24,Female,Standard,33196917,21,95287801,31,1,54,0,2612723
TCB3351851,43,Female,Gold,65137475,10,9841740,13,0,19,0,3355291
TCB6377889,55,Female,Gold,99756634,26,125485260,32,1,86,1,7242684
TCB7453164,68,Female,Standard,3423456,19,92859723,43,0,69,0,1099770
TCB3904143,19,Male,Priority,11603089,2,5438602,25,1,62,1,1634540
TCB1569591,50,Male,Gold,137522690,39,164369607,44,5,47,0,8519830
TCB5319371,51,Female,Gold,145828652,4,10771493,15,0,70,0,7399147
TCB3745197,26,Male,Gold,31771989,15,64647582,37,6,40,0,2235075
TCB2487194,20,Male,Standard,23221124,42,107912638,66,1,63,1,3240182
TCB3990926,41,Male,Standard,35340832,7,21977886,31,2,32,0,1986820
TCB4795906,25,Female,Standard,22129511,37,170197604,53,1,12,0,2808451
TCB2743185,18,Male,Standard,26880740,18,18029647,32,3,30,0,1524333
TCB3594800,66,Female,Standard,3829306,11,11793736,13,4,49,0,309402
TCB6442687,27,Male,Gold,62378724,6,6739358,33,0,16,0,3186329
TCB1341409,70,Female,Gold,108124608,4,11612219,26,1,78,1,6522352
TCB8957359,61,Female,Standard,8882497,28,97345375,55,0,43,0,1417578
TCB3833463,58,Female,Standard,25785886,68,225795419,85,1,12,1,4547248
TCB6580575,48,Female,Standard,16846690,14,56869020,44,0,77,0,1411024
TCB2941620,31,Female,Standard,13122182,0,0,9,0,2,1,1656109
TCB4634517,62,Male,Standard,6646295,21,56267658,35,4,37,1,1894991
TCB4517878,68,Male,Standard,8056477,5,22849714,21,0,17,0,631320
TCB1071606,70,Male,Gold,59172983,23,103455358,53,1,35,0,3993202
TCB8546194,65,Female,Standard,1473304,18,18618544,48,1,35,1,1259850
TCB2173754,51,Female,Standard,0,8,13891832,29,0,27,0,138918
TCB6501917,31,Female,Standard,0,39,133444982,57,2,9,0,1334449
TCB6245577,49,Male,Gold,87935528,39,188819777,57,2,90,1,7284974
TCB1729552,31,Female,Gold,0,18,44019550,39,0,31,0,440195
TCB9055738,63,Male,Gold,196796820,1,2381281,20,0,69,0,9863653
TCB6766158,48,Male,Gold,136454783,19,67460572,19,8,13,0,7497344
TCB7022338,49,Female,Gold,162879824,53,251329668,55,1,9,1,11657287
TCB2736406,50,Male,Gold,82450335,5,21026462,27,2,6,0,4332781
TCB4843563,65,Female,Standard,12102059,15,53500388,34,6,50,0,1140106
TCB7102401,40,Female,Gold,147639655,16,71347495,16,7,66,0,8095457
TCB2074846,34,Female,Standard,47662854,25,68523414,50,0,35,0,3068376
TCB3746552,41,Male,Priority,458142510,23,19656190,30,2,70,1,24103687
TCB5018858,24,Male,Standard,0,5,13615750,8,1,77,0,136157
TCB8629174,64,Female,Standard,9852130,56,138419641,76,0,39,0,1876802
TCB6384943,31,Male,Standard,35735862,15,17728353,15,1,65,1,2964076
TCB6331172,46,Female,Gold,79114621,37,54468448,40,3,10,1,5500415
TCB3009589,29,Male,Standard,38278221,33,139432963,38,2,48,0,3308240
TCB1748645,32,Male,Standard,0,30,125793439,31,7,47,1,2257934
TCB4494003,50,Male,Standard,13820530,26,120801556,50,4,88,0,1899042
TCB1740852,48,Male,Standard,16042075,34,40283905,57,2,58,0,1204942
TCB2855527,60,Male,Standard,4527526,12,37314710,25,5,41,0,599523
TCB6739621,43,Male,Standard,35312509,29,27118918,54,2,51,1,3036814
TCB6056171,45,Female,Gold,119981746,40,91768236,65,1,77,0,6916769
TCB4640206,32,Male,Priority,396186579,6,3327074,16,0,74,0,19842599
TCB9263114,59,Male,Standard,16722587,29,114335418,36,1,35,1,2979483
TCB6564366,62,Female,Priority,814042628,31,53761532,51,5,53,1,42239746
TCB4389435,41,Male,Standard,30625257,1,2488995,17,1,34,1,2556152
TCB4367143,57,Male,Gold,8378241,1,2888149,1,0,65,0,447793
TCB8757171,61,Female,Standard,11772875,24,115132511,29,0,6,0,1739968
TCB7260967,30,Male,Standard,15307658,58,34033579,64,1,69,0,1105718
TCB1637295,64,Male,Standard,14592710,7,11450954,8,7,13,0,844145
TCB2419631,20,Female,Gold,163151080,5,16567713,31,0,86,0,8323231
TCB1968516,20,Male,Priority,258118011,31,41862944,58,0,86,0,13324529
TCB2266071,27,Female,Standard,18512584,41,143905621,69,1,28,0,2364685
TCB6236997,19,Male,Gold,134822354,18,13206778,48,1,77,0,6873185
TCB6679491,36,Female,Gold,166676444,26,102052445,53,0,86,0,9354346
TCB1847153,52,Male,Gold,146054686,10,16967603,18,0,85,0,7472410
TCB5060957,51,Female,Standard,0,30,19428113,40,3,39,1,1194281
TCB7561305,46,Male,Gold,96944317,17,57063922,19,0,68,0,5417855
TCB4342575,50,Male,Standard,48524728,6,9340031,9,2,43,1,3519636
TCB1998631,60,Male,Gold,122209911,52,246972553,66,0,41,0,8580221
TCB8923829,38,Male,Standard,11547019,19,60281567,26,6,13,1,2180166
TCB9983498,50,Female,Gold,70376001,9,18936000,20,0,46,0,3708160
TCB8140464,68,Male,Gold,40752931,8,22199473,10,0,26,0,2259641
TCB7197853,25,Male,Gold,25980020,23,100271612,41,0,54,0,2301717
TCB7808422,67,Female,Standard,11618867,4,16128872,5,1,85,0,742232
TCB8702730,60,Female,Standard,30376556,6,20553993,28,0,28,0,1724367
TCB8514927,59,Female,Standard,22265135,24,45460997,26,2,64,0,1567866
TCB1037829,47,Female,Standard,10374622,6,11700396,27,2,12,1,1635735
TCB2812861,50,Male,Standard,36270616,36,40150063,61,1,72,0,2215031
TCB1305336,70,Male,Standard,0,3,14569199,22,2,74,0,145691
TCB4919743,39,Female,Standard,6975758,12,38111363,38,0,3,1,1729901
TCB2912254,23,Female,Gold,81359815,71,163797890,82,0,20,0,5705969
TCB9128088,33,Male,Standard,14852738,18,66485411,23,0,29,0,1407491
TCB5099858,19,Male,Gold,0,24,51406394,29,0,17,0,514063
TCB5598454,53,Female,Gold,114495895,6,19867725,19,2,51,0,5923472
TCB3168294,56,Male,Priority,350582563,17,8857209,17,1,81,1,18617700
TCB5228197,56,Male,Standard,25965905,11,44179463,38,7,38,0,1740089
TCB2165086,40,Female,Standard,1960626,19,19846943,28,0,16,1,1296500
TCB2038719,32,Female,Standard,18962979,27,74457514,44,1,41,0,1692724
TCB2416946,41,Male,Gold,143787711,11,51813685,32,1,59,1,8707522
TCB4548618,28,Male,Gold,97661889,5,13376816,28,0,68,1,6016862
TCB9633289,23,Female,Standard,21691017,17,77699020,24,0,38,0,1861541
TCB4934296,26,Male,Standard,0,19,46063345,42,2,21,0,460633
TCB9714640,18,Female,Gold,118720397,19,78572693,34,0,65,0,6721746
TCB5815866,26,Male,Gold,167280820,12,39317124,27,1,84,0,8757212
TCB6605379,64,Female,Priority,752783918,10,19802300,40,4,35,0,37837218
TCB8869192,54,Male,Gold,143110494,43,84183260,58,0,75,0,7997357
TCB9452486,64,Male,Standard,6123310,24,31232120,30,2,59,0,618486
TCB4282322,36,Male,Standard,27863475,14,8152263,37,1,52,0,1474696
TCB2556202,48,Female,Gold,125283323,13,17913029,20,1,25,0,6443296
TCB1608422,20,Male,Standard,13424171,9,36552172,38,1,44,1,2036730
TCB1802634,25,Female,Standard,0,7,8253409,12,0,15,0,82534
TCB8037016,24,Male,Standard,21228335,28,61303595,56,1,43,1,2674452
TCB2685447,51,Male,Gold,83487180,33,75970375,37,1,41,1,5934062
TCB3739899,25,Male,Standard,19974999,21,51981813,21,0,2,1,2518568
TCB6894663,55,Male,Standard,11427169,10,15171735,35,1,2,1,1723075
TCB6712089,25,Male,Gold,146468495,5,4311371,23,2,80,1,8366538
TCB3461302,19,Male,Standard,20806061,39,61201693,41,0,67,1,2652319
TCB1741914,33,Male,Standard,0,33,156219643,61,1,43,0,1562196
TCB6206783,59,Female,Standard,29496015,8,38835877,22,0,20,0,1863159
TCB3490454,31,Female,Gold,165142687,48,86983502,66,3,7,1,10126969
TCB2004427,37,Female,Standard,31945920,7,34781681,32,2,53,0,1945112
TCB6874137,37,Female,Standard,33241823,23,28117077,47,2,27,0,1943261
TCB4005241,45,Female,Standard,16362883,13,14536611,19,5,23,1,1963510
TCB6466310,46,Male,Priority,492761531,12,28892241,28,0,76,0,24926998
TCB8934098,48,Male,Standard,33394508,12,40492415,31,2,78,1,3074649
TCB5076093,44,Male,Priority,586657103,25,63647602,34,2,55,1,30969331
TCB8626413,20,Male,Standard,5090330,21,24928387,29,5,68,0,503800
TCB2515779,43,Male,Standard,20774136,2,1084560,27,1,90,0,1049552
TCB1337184,41,Male,Standard,32909339,4,2409891,27,2,71,0,1669565
TCB3844898,43,Female,Standard,17533241,21,40691706,32,1,72,0,1283579
TCB6709702,59,Female,Gold,55647872,31,96704170,56,2,11,1,4749435
TCB7115063,58,Female,Standard,11618323,7,27468849,16,0,60,0,855604
TCB2366539,66,Male,Standard,12573988,14,20861708,32,1,2,1,1837316
TCB6296097,20,Male,Standard,5095113,81,297332761,81,3,25,0,3228083
TCB8847568,46,Male,Gold,63957056,15,47255072,18,0,71,0,3670403
TCB7649227,47,Male,Standard,2015647,6,22091075,19,2,30,1,1321693
TCB4875989,36,Female,Gold,183795007,6,3315117,20,0,56,0,9222901
TCB7360702,26,Female,Standard,31708896,23,91282518,51,1,86,1,3498269
TCB2002670,47,Female,Standard,17583090,22,75550906,33,0,44,0,1634663
TCB3006665,58,Female,Standard,30825892,4,16031990,15,1,15,1,2701614
TCB9466919,32,Female,Standard,10761606,39,134788495,45,0,74,0,1885965
TCB1060426,49,Male,Gold,137951901,16,21150624,32,1,22,1,8109101
TCB3800073,47,Female,Standard,13411653,8,6375845,36,2,90,0,734341
TCB9058066,45,Female,Gold,43441930,20,38411153,34,1,2,1,3556208
TCB4384368,18,Male,Gold,156805738,1,1312234,23,0,36,0,7853409
TCB3878247,51,Male,Gold,33988115,6,13775493,14,1,39,0,1837160
TCB2481925,36,Male,Gold,23007101,36,59335975,36,1,74,0,1743714
TCB2200717,42,Male,Gold,111858738,26,124183749,39,0,20,0,6834774
TCB1276560,58,Male,Standard,21316875,51,73219440,67,1,10,0,1798038
TCB8774202,61,Male,Standard,35359097,6,29237516,15,4,3,1,3060330
TCB6009952,53,Female,Gold,131663213,28,122500857,45,0,25,0,7808169
TCB1390541,65,Male,Gold,69912718,30,25539534,36,1,48,1,4751031
TCB6630782,22,Female,Standard,25065661,4,8255626,31,0,34,0,1335839
TCB5262061,63,Female,Standard,29472351,23,73886026,24,1,2,1,3212477
TCB9919943,38,Male,Standard,5897657,18,21587287,23,1,21,0,510755
TCB2033487,64,Male,Priority,491063853,16,44576202,24,0,39,0,24998954
TCB5218819,24,Female,Gold,109784316,53,172758444,77,0,21,0,7216800
TCB7078739,62,Male,Standard,56936756,6,4760297,30,2,41,1,3894440
TCB8797031,34,Male,Standard,0,20,73826977,21,0,23,0,738269
TCB9570963,42,Female,Standard,42080909,7,33925340,18,1,46,1,3443298
TCB7422989,45,Male,Standard,21496973,14,69124553,37,0,31,0,1766094
TCB3672127,32,Male,Priority,266270122,57,175674972,58,5,76,0,15070255
TCB8885019,46,Female,Priority,387469627,20,36769439,24,0,73,0,19741175
TCB5062286,24,Male,Standard,2514649,19,86262999,39,6,45,0,988362
TCB3901439,49,Male,Standard,13898799,19,24187951,31,0,62,1,1936819
TCB6181177,69,Female,Priority,393082229,15,17589068,39,8,88,0,19830002
TCB5684444,42,Male,Gold,195389595,13,12513124,19,0,71,0,9894610
TCB5730507,66,Male,Priority,653587129,20,63178946,22,0,12,0,33311145
TCB2121769,42,Male,Standard,0,3,11887421,31,3,11,1,1118874
TCB3966787,54,Female,Standard,4899153,11,26901850,38,1,19,1,1513976
TCB9841815,25,Male,Gold,56774709,6,6064804,8,1,25,1,3899383
TCB1584495,64,Male,Standard,35627339,15,18713793,29,3,18,1,2968504
TCB9472402,26,Female,Priority,738336206,56,222422178,80,4,50,0,39141032
TCB1863544,67,Male,Standard,31759745,36,116652949,41,3,69,1,3754516
TCB1022690,30,Male,Gold,98379581,20,77181473,40,2,53,0,5690793
TCB5824779,41,Male,Standard,0,20,61715711,36,2,68,1,1617157
TCB8258231,64,Male,Gold,58062264,18,9832321,29,7,78,1,4001436
TCB8713358,63,Male,Priority,657052691,15,73007740,40,1,38,0,33582711
TCB9124546,29,Male,Standard,32069366,15,57492650,45,3,88,0,2178394
TCB9915139,63,Female,Priority,575023566,26,108639110,26,0,56,0,29837569
TCB3362183,39,Male,Gold,100555848,39,157218917,46,4,63,1,7599981
TCB9042241,23,Female,Standard,8521511,21,30577887,38,0,42,0,731854
TCB5343233,40,Male,Standard,36190187,6,27224343,17,1,72,0,2081752
TCB2423671,30,Female,Standard,4003299,16,24742381,18,1,77,1,1447588
TCB4912532,65,Male,Priority,583766347,20,87436370,39,0,86,0,30062681
TCB9909132,70,Male,Standard,28316235,24,21871830,33,5,74,1,2634530
TCB8843299,20,Female,Priority,551552408,15,37223793,17,1,65,1,28949858
TCB2277691,39,Male,Gold,93228934,12,44548017,23,1,52,1,6106926
TCB4253693,30,Female,Standard,22119063,9,36655880,20,0,34,0,1472511
TCB8282855,38,Male,Standard,23628220,15,52950764,26,0,80,0,1710918
TCB1710285,52,Female,Standard,11959385,42,93578237,59,1,82,1,2533751
TCB6496122,68,Male,Standard,13138687,19,14166410,30,0,85,0,798598
TCB8274525,28,Female,Standard,19264570,4,4180625,30,0,19,0,1005034
TCB1835383,28,Female,Standard,34464834,18,31399729,35,1,85,1,3037238
TCB1898079,40,Male,Priority,621714809,14,34664726,42,2,89,1,32432387
TCB6251851,51,Male,Gold,144951562,40,127032627,60,0,78,0,8517904
TCB2703425,69,Female,Standard,14630786,52,64587101,57,2,25,1,2377410
TCB1417290,19,Male,Gold,108353411,36,109397834,59,1,83,1,7511648
TCB8600377,39,Female,Standard,54676276,25,16251132,43,0,38,0,2896325
TCB3915032,32,Male,Standard,35473218,27,60886275,55,7,31,0,2382523
TCB9535300,60,Male,Priority,665593345,22,15062431,32,8,55,1,34430291
TCB7820210,61,Female,Standard,10243974,15,65828497,18,0,40,0,1170483
TCB2587301,61,Female,Standard,27333366,34,119123465,54,0,33,0,2557902
TCB4116870,59,Male,Standard,24633866,26,28974759,52,4,37,0,1521440
TCB3421858,34,Female,Standard,5027497,4,12010262,9,1,55,1,1371477
TCB2727719,42,Male,Standard,10722392,10,39986180,13,1,85,0,935981
TCB4473983,35,Female,Standard,22276414,6,17744394,14,2,17,0,1291264
TCB6033978,56,Male,Standard,39333055,36,22983568,37,0,90,1,3196488
TCB9144909,51,Male,Standard,0,31,27553976,60,1,65,1,1275539
TCB9561851,48,Male,Standard,7821778,41,184120817,55,10,10,1,3232297
TCB7686466,52,Male,Standard,35026287,41,87125701,50,13,79,0,2622571
TCB1871999,25,Female,Standard,17443460,13,41234110,37,2,0,1,2284514
TCB7698324,56,Male,Standard,12188755,49,121522550,72,3,3,0,1824663
TCB7936436,64,Female,Gold,126590248,5,14056713,6,0,22,0,6470079
TCB3722228,44,Female,Standard,40492343,18,60803917,22,0,89,0,2632656
TCB8853924,56,Male,Standard,41308690,43,60376656,49,4,37,1,3669201
TCB2546351,28,Female,Standard,4321800,28,76647542,41,4,38,0,982565
TCB7530303,26,Male,Standard,3836955,50,211606203,74,0,57,0,2307909
TCB7141446,43,Male,Standard,9598186,10,48925522,26,2,44,0,969164
TCB8702393,60,Male,Standard,0,39,181557937,68,3,59,0,1815579
TCB1986103,51,Female,Standard,28263652,18,80381202,43,1,55,0,2216994
TCB7385717,39,Male,Standard,30938481,27,74414645,50,3,70,0,2291070
TCB8445971,63,Female,Priority,447328311,13,29835056,19,2,8,1,23664766
TCB9057079,67,Male,Gold,19098408,28,137094003,50,0,76,1,3325860
TCB9014774,18,Male,Gold,45860879,17,50841326,34,0,85,1,3801457
TCB5672921,49,Male,Standard,38745863,10,7668115,25,1,60,0,2013974
TCB8623484,27,Male,Standard,5199213,41,130981063,45,3,53,0,1569771
TCB5045327,55,Male,Gold,74931406,19,91160130,21,1,22,1,5658171
TCB6054435,34,Male,Standard,27411285,14,36889835,24,0,60,0,1739462
TCB9097051,57,Male,Standard,6278423,19,19981327,45,1,55,1,1513734
TCB9604159,53,Female,Gold,139021426,6,14591279,22,6,28,1,8096984
TCB2001129,44,Male,Gold,90240290,24,78143258,32,0,88,0,5293447
TCB5990679,67,Male,Standard,18371520,21,11038366,40,4,19,0,1028959
TCB6149331,29,Female,Standard,30755976,84,47495565,86,0,34,0,2012754
TCB3922421,39,Female,Standard,28308905,23,88738021,24,0,32,0,2302825
TCB7704211,54,Female,Standard,17544034,27,14806273,43,0,84,0,1025264
TCB3457258,47,Female,Gold,156233548,12,20176499,35,0,8,1,9013442
TCB4623981,54,Male,Standard,11828250,26,100202244,30,0,16,0,1593434
TCB4322142,21,Male,Gold,75953912,28,108627152,37,5,23,1,5883967
TCB6836890,52,Female,Gold,90114998,10,17542726,35,2,69,1,5681177
TCB7468188,37,Female,Standard,20821032,8,6600706,10,0,44,0,1107058
TCB6200095,48,Male,Gold,116631524,26,87257516,33,0,60,0,6704151
TCB8278261,70,Female,Priority,633867145,24,112601927,52,0,44,0,32819376
TCB6477808,43,Female,Standard,0,5,8133910,34,5,38,0,81339
TCB9724443,29,Male,Priority,581615244,19,48961388,24,1,45,0,29570376
TCB6227135,53,Female,Standard,2415404,34,50103516,43,1,25,1,1621805
TCB9997923,44,Female,Priority,509096986,31,19904902,46,6,34,0,25653898
TCB4430619,54,Female,Gold,41601246,19,62081173,44,1,36,1,3700874
TCB2939932,64,Male,Gold,174380643,2,3490133,8,2,9,1,9753933
TCB1255636,27,Male,Standard,16209530,7,10694037,24,1,50,1,1917416
TCB5846407,57,Male,Standard,41508407,6,20687280,25,1,61,0,2282293
TCB8428217,58,Female,Priority,469546980,17,74760214,19,1,22,0,24224951
TCB7364139,52,Male,Gold,85307919,26,15654917,54,1,78,1,5421945
TCB1870332,40,Female,Standard,0,7,22016635,10,0,18,0,220166
TCB6611522,23,Male,Standard,0,28,134340873,47,0,18,0,1343408
TCB6815326,30,Male,Gold,67211477,12,29819469,18,0,56,0,3658768
TCB9793912,68,Female,Gold,140556999,22,40255552,28,0,67,1,8430405
TCB7616744,67,Male,Standard,16402554,12,45036591,32,0,21,0,1270493
TCB4537683,26,Male,Standard,19248040,19,68929001,32,0,22,0,1651692
TCB5181960,43,Female,Gold,55309541,8,8398137,33,0,10,0,2849458
TCB5625127,41,Male,Standard,11994347,14,35186376,30,0,65,0,951581
TCB2021551,52,Male,Gold,37313941,29,23294443,55,1,81,0,2098641
TCB1511950,67,Male,Standard,30168352,6,8458710,15,0,72,0,1593004
TCB6793588,40,Male,Standard,5131271,1,4260761,19,0,16,0,299171
TCB6297124,70,Male,Standard,37866278,24,49412164,45,5,83,0,2387435
TCB3376462,24,Female,Standard,14591885,2,3046612,25,0,50,0,760060
TCB9943620,23,Male,Gold,47527664,20,21931911,27,4,10,1,3595702
TCB9273041,19,Male,Standard,27931660,11,33775918,18,1,41,0,1734342
TCB3370066,48,Male,Gold,82381001,10,38056579,32,0,23,0,4499615
TCB8494222,49,Male,Standard,22644773,18,59494249,35,1,36,0,1727181
TCB8466935,24,Female,Standard,32883282,105,299232937,128,0,25,0,4636493
TCB5687084,44,Female,Gold,182098517,27,97940058,34,0,64,0,10084326
TCB7717232,48,Female,Gold,147960819,12,36337339,13,1,26,0,7761414
TCB9300682,23,Male,Standard,12384640,7,34308659,16,1,46,1,1962318
TCB9317245,68,Female,Standard,15197852,32,134910248,36,0,14,0,2108995
TCB3918698,28,Male,Standard,15793074,5,18112068,11,0,22,0,970774
TCB9756172,40,Male,Standard,45849848,8,33222445,32,3,13,1,3624716
TCB5099878,35,Female,Standard,7230931,40,111147554,63,1,62,0,1473022
TCB4624921,41,Female,Priority,692944432,62,236997451,85,1,76,0,37017196
TCB9806695,35,Female,Standard,31082931,16,73880710,41,2,33,0,2292953
TCB9928454,26,Female,Priority,376386263,7,17835539,23,1,75,0,18997668
TCB9471996,57,Female,Standard,16066390,25,95742325,25,2,40,0,1760742
TCB1642112,63,Female,Standard,35001822,31,66473746,56,6,88,0,2414828
TCB8115988,21,Male,Priority,536498926,23,68731852,33,0,41,0,27512264
TCB8171706,38,Female,Gold,89000546,18,34632686,45,0,50,1,5796354
TCB7707353,42,Female,Gold,155575961,4,7055627,30,3,16,1,8849354
TCB5007788,29,Male,Standard,38174054,11,48922987,14,1,57,1,3397932
TCB8256043,66,Female,Standard,0,54,28830576,56,2,81,0,288305
TCB7493752,70,Male,Standard,9859007,18,81163480,38,0,74,0,1304585
TCB5495892,43,Male,Standard,22554140,8,4918507,32,0,35,0,1176892
TCB5969833,32,Male,Gold,132606561,3,10260352,9,3,53,0,6732931
TCB4255208,19,Female,Gold,76203091,6,11110781,29,0,63,0,3921262
TCB4937269,67,Male,Gold,102771640,8,14597793,13,1,70,1,6284559
TCB7309517,21,Female,Priority,516324550,39,87509645,56,2,6,1,27691323
TCB8113243,41,Male,Gold,49757347,10,45306095,38,7,15,1,3940928
TCB4704357,57,Male,Priority,578067732,59,193471851,59,3,47,1,31838105
TCB6671532,25,Male,Standard,10246755,5,18561402,31,0,74,1,1697951
TCB4036062,18,Male,Standard,0,34,53915664,45,3,72,0,539156
TCB3590368,50,Female,Gold,119028798,18,46212993,34,0,61,0,6413569
TCB9148600,32,Male,Priority,371295003,1,4143953,6,1,29,1,19606189
TCB6385274,70,Female,Priority,469922302,14,63895866,29,0,39,1,25135073
TCB1624562,20,Male,Gold,75328315,17,61109375,20,0,42,0,4377509
TCB3334027,26,Female,Standard,0,13,40730356,42,11,64,0,407303
TCB2112143,62,Female,Standard,26299112,75,328232077,89,0,44,0,4597276
TCB1981144,58,Male,Gold,114692598,5,21084979,25,0,47,0,5945479
TCB9024624,49,Female,Standard,0,11,27150226,37,0,30,0,271502
TCB1706648,20,Male,Gold,13184494,37,167246599,65,3,58,0,2331690
TCB7623343,32,Male,Gold,83920303,14,27293216,26,1,39,1,5468947
TCB2297312,51,Male,Gold,31567669,26,71472716,29,8,26,1,3293110
TCB8371517,49,Male,Standard,7899710,16,11219654,45,1,19,1,1507182
TCB1538524,49,Female,Standard,27254600,20,23969020,43,1,8,1,2602420
TCB4836107,41,Male,Standard,6036996,34,36445021,55,3,1,1,1666300
TCB4997485,44,Male,Standard,33329315,15,48368523,28,0,60,0,2150150
TCB1715021,48,Male,Standard,18954796,5,10909525,9,2,24,0,1056835
TCB9667222,50,Female,Gold,35950388,20,46265575,23,1,13,1,3260175
TCB5313660,29,Male,Standard,2916558,4,3230464,33,0,66,1,1178132
TCB9523295,37,Female,Standard,26099484,29,85839139,47,0,3,1,3163365
TCB5157356,49,Male,Standard,35966642,14,20766564,18,1,75,1,3005997
TCB2186806,34,Female,Standard,22412917,24,38847652,43,1,3,0,1509122
TCB2552185,67,Male,Standard,18759452,13,52051049,31,0,24,0,1458483
TCB7583552,57,Male,Gold,0,6,8352839,14,1,8,1,1083528
TCB9094036,21,Female,Priority,525830340,19,49823020,49,2,85,0,26789747
TCB8342429,64,Male,Standard,31862377,8,7431434,35,0,36,0,1667433
TCB5155663,62,Male,Gold,131604319,64,215969251,69,9,83,0,8739908
TCB7470821,69,Female,Gold,129561175,25,46194493,50,3,44,0,6940003
TCB6410037,20,Female,Gold,81739163,28,18018256,40,0,46,0,4267140
TCB2924011,18,Male,Standard,27105704,38,101585526,55,1,73,0,2371140
TCB5394454,38,Female,Standard,5046455,26,103721741,53,8,79,0,1289540
TCB1635193,33,Male,Standard,25901022,16,62145887,17,0,3,1,2916509
TCB7650993,28,Male,Standard,20239025,8,12506712,16,0,52,0,1137018
TCB6339592,25,Male,Priority,529724914,32,149468309,51,0,0,0,27980928
TCB2645964,35,Female,Gold,185071500,1,1079346,24,1,56,1,10264368
TCB3077423,29,Male,Gold,17904421,8,7900331,16,4,84,1,1974224
TCB1048788,23,Male,Standard,33531777,34,67435976,47,0,39,0,2350948
TCB7391436,46,Female,Gold,18912347,10,28550008,40,5,34,0,1231117
TCB3822465,33,Female,Standard,15803578,16,18247350,29,1,83,0,972652
TCB2989855,66,Female,Standard,20059197,6,29663511,19,1,78,1,2299594
TCB9287521,52,Male,Standard,24747602,69,113275707,95,1,43,0,2370137
TCB5028817,30,Male,Gold,135248954,36,176789343,45,0,30,0,8530341
TCB5527457,40,Male,Standard,0,14,50437344,20,0,7,0,504373
TCB1987701,32,Female,Standard,5928432,24,25756890,33,1,11,0,553990
TCB2873590,26,Female,Standard,0,34,102981593,38,0,71,0,1029815
TCB8904432,31,Male,Standard,23864908,36,26504473,56,1,39,1,2458290
TCB3076452,69,Male,Standard,8858456,24,45186109,51,1,90,0,894783
TCB1998336,32,Male,Gold,57771765,13,11231110,19,1,18,0,3000899
TCB1467596,26,Female,Standard,28373070,25,86938098,43,3,5,0,2288034
TCB4479193,69,Male,Standard,14785628,22,101155159,49,0,12,1,2750832
TCB6557942,57,Male,Standard,15280572,16,16769663,42,0,68,0,931725
TCB2612807,36,Male,Standard,0,7,12901467,35,0,86,0,129014
TCB4184224,41,Male,Gold,109579912,38,162855048,50,0,5,1,8107546
TCB3210806,65,Male,Gold,142782314,5,21020102,12,5,45,0,7349316
TCB9511293,36,Female,Standard,11127787,6,10630472,33,2,20,1,1662694
TCB1347417,39,Male,Standard,17562431,1,2290542,9,0,85,0,901026
TCB9484104,56,Female,Standard,33255856,2,8871404,12,1,32,0,1751506
TCB3794545,40,Female,Standard,0,5,8179859,12,0,0,0,81798
TCB7038248,39,Male,Gold,57560728,8,19217434,35,1,82,0,3070210
TCB1775073,70,Male,Standard,24234648,4,7078621,16,1,17,1,2282518
TCB2145504,50,Female,Standard,15776264,22,20973269,36,2,23,1,1998545
TCB3430007,65,Male,Gold,154289675,34,66463098,57,1,37,1,9379114
TCB5664752,29,Male,Gold,66515808,49,220753590,69,1,60,1,6533326
TCB2585990,34,Male,Standard,22708168,22,54137448,51,4,54,0,1676782
TCB5018472,20,Female,Gold,23457499,12,42683627,15,0,4,1,2599711
TCB1922039,37,Female,Standard,25128292,7,11774861,33,1,25,0,1374163
TCB1826581,57,Male,Standard,6328808,14,61761658,25,8,6,1,1934056
TCB3778481,31,Female,Standard,28749700,32,37777877,51,1,15,0,1815263
TCB5447725,44,Female,Standard,27130848,17,61381802,41,5,37,0,1970360
TCB6459302,24,Female,Priority,437442844,48,174861595,76,0,25,1,24620758
TCB2054499,28,Female,Standard,34454602,44,115274139,69,4,80,1,3875471
TCB3429230,43,Female,Priority,359911710,3,10590526,24,1,40,1,19101490
TCB8095031,26,Female,Gold,44036484,3,1690589,17,2,81,0,2218730
TCB2111477,41,Male,Standard,27122769,10,9684720,13,3,6,1,2452985
TCB5606671,68,Female,Gold,90479901,35,67219103,60,0,9,0,5196186
TCB5847336,37,Female,Gold,89354405,11,54279855,41,1,31,0,5010518
TCB7138420,29,Female,Standard,45896259,6,6909557,20,1,46,1,3363908
TCB7124143,61,Female,Standard,20576332,3,3379123,33,0,18,0,1062607
TCB3283897,51,Female,Gold,139527660,29,106028692,35,4,20,0,8036669
TCB2198816,20,Female,Standard,30591190,16,14438784,21,0,9,0,1673947
TCB1112709,64,Female,Standard,14894684,9,43975848,30,0,21,0,1184492
TCB9274396,19,Female,Standard,6834700,43,213933467,56,0,23,0,2481069
TCB2520962,60,Female,Standard,19799092,12,19771273,22,3,72,0,1187667