Customer_ID,Uplift_Score,Expected_Incremental_Profit,Send_Email_Uplift
TCB9220822,0.7887836,38939.18,True
TCB4885703,0.111420244,5071.012,True
TCB2857592,0.5689941,27949.705,True
TCB1059416,0.044386923,1719.3462,True
TCB3218689,0.529541,25977.05,True
TCB6807254,0.15797326,7398.663,True
TCB2558302,0.60071445,29535.723,True
TCB5737935,0.7922268,39111.34,True
TCB6661540,0.89418256,44209.13,True
TCB8645086,0.31783757,15391.878,True
TCB3451203,0.009824693,-8.76535,False
TCB8437366,0.019932486,496.62433,True
TCB8789341,0.37976846,18488.424,True
TCB6237087,0.08907382,3953.691,True
TCB2408401,0.6716007,33080.035,True
TCB3674432,0.08926739,3963.3696,True
TCB2340287,0.006434694,-178.26529,False
TCB8166388,0.033164203,1158.2102,True
TCB2908470,0.050530076,2026.5039,True
TCB3068869,0.072045445,3102.2722,True
TCB4300342,0.8466103,41830.516,True
TCB8346348,0.8465493,41827.465,True
TCB4077934,0.16358274,7679.137,True
TCB2645200,0.07556362,3278.181,True
TCB7794256,0.14429283,6714.6416,True
TCB6893180,-0.002819404,-640.9702,False
TCB8069665,0.14387867,6693.9336,True
TCB2585240,0.68877566,33938.78,True
TCB9153006,0.051960398,2098.0198,True
TCB7185851,0.7022743,34613.715,True
TCB7733434,0.056735486,2336.7742,True
TCB8561668,0.4818047,23590.234,True
TCB2515469,0.075148165,3257.4082,True
TCB1062345,0.8937225,44186.125,True
TCB2655259,0.8732722,43163.61,True
TCB5476107,0.018798616,439.9308,True
TCB6602140,0.63647246,31323.623,True
TCB6555436,0.8896139,43980.695,True
TCB4107861,0.8790961,43454.805,True
TCB6699613,-0.64794844,-32897.42,False
TCB6765389,0.04686279,1843.1394,True
TCB1251414,0.9288804,45944.02,True
TCB9113330,-0.0054198503,-770.99255,False
TCB6711153,0.078705296,3435.265,True
TCB7496787,0.7915385,39076.926,True
TCB5589521,0.602168,29608.4,True
TCB5682535,0.14329705,6664.8525,True
TCB5914257,0.9107788,45038.94,True
TCB6542427,0.010704774,35.23871,True
TCB6198774,0.6923203,34116.016,True
TCB3766984,0.91800094,45400.047,True
TCB3442738,0.32379085,15689.542,True
TCB5758338,0.022014402,600.7201,True
TCB3747945,0.057564978,2378.2488,True
TCB1005375,0.049940944,1997.0471,True
TCB1816235,-0.2302931,-12014.654,False
TCB6346805,0.88830274,43915.137,True
TCB2461214,0.14232105,6616.0527,True
TCB1849535,0.92301804,45650.902,True
TCB9314281,0.41584644,20292.322,True
TCB1745210,0.11785219,5392.6094,True
TCB3072965,0.12953186,5976.593,True
TCB4573270,0.03132191,1066.0955,True
TCB6660026,0.21255149,10127.574,True
TCB4957849,0.009494753,-25.26236,False
TCB7705031,0.14142263,6571.1313,True
TCB2089019,0.044023104,1701.1553,True
TCB4353760,0.89404523,44202.26,True
TCB3183404,0.85812956,42406.477,True
TCB9976603,0.037993718,1399.6859,True
TCB1342242,0.6751624,33258.117,True
TCB8295144,-0.01809353,-1404.6765,False
TCB4892541,0.62077326,30538.662,True
TCB1864846,0.0473284,1866.4202,True
TCB4928800,0.08918171,3959.0854,True
TCB9229857,0.9119453,45097.266,True
TCB1163016,0.8868361,43841.805,True
TCB5184747,0.05902417,2451.2085,True
TCB4101872,0.57657367,28328.684,True
TCB4403570,0.78593755,38796.88,True
TCB8943882,0.043011844,1650.5923,True
TCB5863238,0.7140635,35203.176,True
TCB2488118,0.6755013,33275.062,True
TCB1200940,0.8695711,42978.555,True
TCB9589515,0.10155649,4577.824,True
TCB7153866,0.109267235,4963.362,True
TCB8774727,0.02268086,634.04297,True
TCB3776361,0.34041873,16520.936,True
TCB2754527,0.4506478,22032.39,True
TCB3349625,0.33416194,16208.098,True
TCB5105224,0.8888233,43941.164,True
TCB9594476,0.21876983,10438.491,True
TCB4069835,0.12978595,5989.298,True
TCB3632327,0.038875315,1443.7657,True
TCB2014217,0.08110013,3555.0063,True
TCB8026430,-0.035610862,-2280.543,False
TCB7725605,0.5840337,28701.686,True
TCB2030143,0.64005196,31502.598,True
TCB6453041,0.835807,41290.35,True
TCB4000661,-0.006786406,-839.3203,False
TCB8214926,0.86755675,42877.836,True
TCB5384108,0.060424626,2521.2312,True
TCB5104908,0.28522542,13761.271,True
TCB7616727,0.8998785,44493.926,True
TCB1354264,0.12441008,5720.504,True
TCB1011537,0.34779954,16889.977,True
TCB9716048,0.3246184,15730.92,True
TCB5993402,0.85491544,42245.773,True
TCB9166594,0.93100524,46050.26,True
TCB6616085,0.28323668,13661.834,True
TCB4507912,0.90083426,44541.715,True
TCB8703115,0.59365696,29182.848,True
TCB4373502,0.05811663,2405.8315,True
TCB7646064,-0.007439159,-871.95795,False
TCB9175453,0.04122877,1561.4385,True
TCB3854999,0.10627878,4813.939,True
TCB5340793,-0.034821212,-2241.0605,False
TCB2944418,0.31708455,15354.228,True
TCB1876243,0.08245647,3622.8232,True
TCB7923282,0.012996495,149.82477,True
TCB1629253,0.83699125,41349.562,True
TCB9522367,-0.11301625,-6150.8125,False
TCB2244956,0.42606997,20803.498,True
TCB7646744,0.8841831,43709.156,True
TCB2105927,0.040932693,1546.6346,True
TCB5656658,0.17456375,8228.1875,True
TCB1050393,0.7690101,37950.508,True
TCB6186130,0.57238024,28119.012,True
TCB8834299,0.012573481,128.67401,True
TCB3717297,0.8629925,42649.625,True
TCB6690275,0.082550466,3627.5234,True
TCB6843411,0.8433257,41666.285,True
TCB4888929,0.13488896,6244.448,True
TCB4005038,0.12737896,5868.9478,True
TCB8483068,0.21545966,10272.983,True
TCB5853934,0.013067724,153.38623,True
TCB8266598,0.13870865,6435.4326,True
TCB7510025,0.099290505,4464.5254,True
TCB2560542,0.22541827,10770.913,True
TCB6116490,0.11227861,5113.9307,True
TCB2614099,0.90482664,44741.332,True
TCB5410692,0.7206696,35533.48,True
TCB6956584,0.057194535,2359.7268,True
TCB8300803,-0.14994407,-7997.203,False
TCB4296932,-0.03115847,-2057.9233,False
TCB2536690,0.17281374,8140.6875,True
TCB1505346,0.5913298,29066.49,True
TCB5106769,0.84177756,41588.88,True
TCB2783269,0.7604978,37524.89,True
TCB9415426,0.8521325,42106.625,True
TCB8100609,0.7674345,37871.723,True
TCB2176814,0.6449464,31747.32,True
TCB1209996,0.10295632,4647.816,True
TCB8335751,0.17110515,8055.257,True
TCB6022052,0.22820772,10910.386,True
TCB9691540,0.90335023,44667.51,True
TCB9103777,0.015724959,286.24792,True
TCB4096139,0.4406093,21530.465,True
TCB4834299,0.6051072,29755.36,True
TCB5599337,0.8488235,41941.176,True
TCB7253404,0.00095027685,-452.48615,False
TCB2183885,-0.10143483,-5571.741,False
TCB3521332,0.7834691,38673.453,True
TCB5216724,0.96841615,47920.81,True
TCB4510570,0.64515656,31757.828,True
TCB9063493,0.23729914,11364.957,True
TCB4826965,0.78485554,38742.777,True
TCB9382937,0.20298997,9649.498,True
TCB9955227,0.91385436,45192.72,True
TCB1852797,0.3241833,15709.164,True
TCB7592089,0.68519413,33759.707,True
TCB2495265,0.90141594,44570.797,True
TCB8971052,0.19878708,9439.354,True
TCB4200919,0.0938154,4190.77,True
TCB2064154,0.84726727,41863.363,True
TCB3087792,0.939138,46456.9,True
TCB6424196,0.35678008,17339.004,True
TCB7894620,0.08026306,3513.153,True
TCB1384294,0.8047273,39736.367,True
TCB1543376,0.009106483,-44.675842,False
TCB1954087,-0.043497145,-2674.8572,False
TCB7007811,0.01459934,229.96698,True
TCB3294223,0.9183769,45418.848,True
TCB3490716,0.43205774,21102.887,True
TCB5231512,0.059594695,2479.7346,True
TCB6889318,0.81180626,40090.312,True
TCB7283016,0.016384056,319.20282,True
TCB7535061,0.0045175627,-274.1219,False
TCB8330886,0.8867698,43838.49,True
TCB2924338,0.0731469,3157.3452,True
TCB6204661,0.6621834,32609.172,True
TCB7864409,0.5625268,27626.342,True
TCB8648723,0.77793485,38396.742,True
TCB3395871,0.46408316,22704.158,True
TCB4794983,0.048214924,1910.7461,True
TCB6002169,0.395916,19295.799,True
TCB8805081,0.6586024,32430.121,True
TCB4825072,-0.17926961,-9463.48,False
TCB4237444,0.15667382,7333.691,True
TCB3809047,0.055792674,2289.6338,True
TCB8227040,0.029643785,982.1892,True
TCB3727153,-0.0072580576,-862.9029,False
TCB6236859,0.26943094,12971.547,True
TCB1534447,0.027201144,860.05725,True
TCB1137206,0.4962325,24311.625,True
TCB9412759,0.51952696,25476.348,True
TCB4768639,0.9064224,44821.117,True
TCB7230303,0.7993811,39469.055,True
TCB3344962,0.9469731,46848.652,True
TCB2273217,0.37739095,18369.547,True
TCB8771046,-0.10460627,-5730.3135,False
TCB5337606,0.07826557,3413.2786,True
TCB1848726,-0.06745678,-3872.839,False
TCB8687631,-0.05305952,-3152.9758,False
TCB7585152,0.87072974,43036.49,True
TCB4391663,0.78819704,38909.85,True
TCB5570987,-0.0064072534,-820.3627,False
TCB9289331,0.3712504,18062.52,True
TCB3352073,0.8463051,41815.254,True
TCB3888847,0.0010088086,-449.55957,False
TCB4873789,0.08141351,3570.6753,True
TCB3716418,-0.068370335,-3918.5168,False
TCB4490725,0.09356601,4178.3003,True
TCB8019961,0.0647386,2736.9302,True
TCB4233513,0.02508095,754.0476,True
TCB1227209,0.5635531,27677.654,True
TCB4022034,0.7577442,37387.21,True
TCB1947680,0.16811639,7905.8193,True
TCB9609763,0.2496357,11981.785,True
TCB7899166,0.032259412,1112.9706,True
TCB3777776,0.94533867,46766.934,True
TCB2273091,0.89844406,44422.203,True
TCB2181735,0.13247214,6123.607,True
TCB2051545,0.061009265,2550.4634,True
TCB1572517,0.7997839,39489.195,True
TCB2209063,0.77583146,38291.574,True
TCB6669319,0.13459897,6229.9487,True
TCB1039934,0.7456253,36781.266,True
TCB6603705,0.6212549,30562.746,True
TCB4104444,0.051705927,2085.2964,True
TCB1812568,0.12970167,5985.0835,True
TCB9229864,0.12673384,5836.692,True
TCB1158668,0.85092396,42046.2,True
TCB3516522,0.0560833,2304.165,True
TCB9372297,0.028325584,916.2792,True
TCB4892187,0.08631816,3815.9077,True
TCB1844280,-0.2154761,-11273.805,False
TCB9526157,0.68329954,33664.977,True
TCB1888764,-0.06870359,-3935.1797,False
TCB3671105,-0.27922207,-14461.104,False
TCB3003110,0.19298382,9149.191,True
TCB6138219,0.8327051,41135.254,True
TCB7919879,0.062063288,2603.1643,True
TCB8295762,0.77901506,38450.754,True
TCB6071968,0.56322956,27661.479,True
TCB2945324,0.028985117,949.25586,True
TCB8332433,0.942294,46614.7,True
TCB2404582,0.69455326,34227.664,True
TCB2617472,-0.58327866,-29663.934,False
TCB2999570,0.5230861,25654.303,True
TCB3179421,0.49482006,24241.002,True
TCB5848271,0.7311016,36055.08,True
TCB2978624,0.19602257,9301.129,True
TCB4640624,0.6469807,31849.035,True
TCB2493766,0.6479764,31898.82,True
TCB1118731,0.027382515,869.12573,True
TCB7219840,0.742066,36603.3,True
TCB7979069,0.03310526,1155.2631,True
TCB3101066,0.34255338,16627.668,True
TCB6539435,0.29044014,14022.007,True
TCB2411196,0.07070577,3035.2886,True
TCB4521522,0.23975575,11487.787,True
TCB2129008,0.33969635,16484.818,True
TCB1049756,-0.09452592,-5226.296,False
TCB1779946,-0.5586521,-28432.605,False
TCB5270690,0.88855803,43927.902,True
TCB3493441,0.078899205,3444.9602,True
TCB9209287,0.10707425,4853.713,True
TCB7584449,0.099921234,4496.0615,True
TCB2163745,0.8041724,39708.62,True
TCB3905713,0.9463907,46819.535,True
TCB6286633,0.8868584,43842.92,True
TCB3253858,0.8321626,41108.133,True
TCB5178621,0.15657532,7328.766,True
TCB1045363,0.8721161,43105.805,True
TCB8798909,0.74462134,36731.066,True
TCB3597234,0.84625685,41812.844,True
TCB6418941,0.21355818,10177.909,True
TCB6151786,0.80905867,39952.934,True
TCB7755537,0.64773566,31886.783,True
TCB1493803,0.2418912,11594.561,True
TCB4281393,0.9212767,45563.836,True
TCB2134975,0.22995964,10997.981,True
TCB1979622,0.5435151,26675.754,True
TCB3138866,0.64754677,31877.338,True
TCB6869998,0.052323822,2116.1912,True
TCB5917005,0.8507062,42035.312,True
TCB3623786,0.08183197,3591.5984,True
TCB1193532,0.008863449,-56.827545,False
TCB8273499,0.24149005,11574.503,True
TCB3986772,0.12720762,5860.381,True
TCB7113099,0.36141795,17570.896,True
TCB5449499,0.005216783,-239.16086,False
TCB4280019,0.07275711,3137.8555,True
TCB3751117,0.66062444,32531.223,True
TCB4657135,0.6113205,30066.025,True
TCB7539201,0.093697734,4184.8867,True
TCB3002419,0.8194742,40473.71,True
TCB1353979,0.030545885,1027.2942,True
TCB2452871,0.59021926,29010.963,True
TCB3401824,0.0029703379,-351.4831,False
TCB4311584,0.05542502,2271.251,True
TCB1811985,0.9465505,46827.523,True
TCB7446259,0.08150261,3575.1304,True
TCB3116203,0.22760822,10880.411,True
TCB3334840,0.0289647,948.235,True
TCB1604974,0.07139633,3069.8164,True
TCB8125569,0.8694484,42972.42,True
TCB2900779,-0.10767847,-5883.924,False
TCB6763709,-0.82502943,-41751.473,False
TCB4803832,0.09642656,4321.328,True
TCB8866840,0.069351085,2967.5542,True
TCB6153915,0.85795754,42397.88,True
TCB3640878,0.013419047,170.95233,True
TCB2297492,0.75714654,37357.33,True
TCB2419925,0.78485197,38742.598,True
TCB6760275,0.02631809,815.90454,True
TCB3046585,0.037422895,1371.1448,True
TCB7585519,0.7937303,39186.516,True
TCB4609658,0.010753095,37.654785,True
TCB1196887,0.06019453,2509.7266,True
TCB6735232,0.047273993,1863.6997,True
TCB8788836,0.8059217,39796.082,True
TCB2887792,0.08725409,3862.7046,True
TCB8908849,0.8985847,44429.234,True
TCB7996771,0.33925164,16462.582,True
TCB8223336,0.14217447,6608.723,True
TCB8486572,0.6679005,32895.023,True
TCB2470665,0.59161127,29080.562,True
TCB9146509,0.8288603,40943.016,True
TCB5947142,0.80274016,39637.008,True
TCB6391933,0.84064615,41532.31,True
TCB2525427,0.69951504,34475.754,True
TCB7011162,0.016651146,332.5573,True
TCB9182597,0.05705907,2352.9534,True
TCB2773661,0.4056209,19781.045,True
TCB6268273,-0.04734224,-2867.112,False
TCB5872134,0.727569,35878.45,True
TCB6193723,0.08714756,3857.3784,True
TCB1441975,0.048777465,1938.8733,True
TCB7347077,0.8121966,40109.832,True
TCB9695817,0.0063385963,-183.07019,False
TCB8369893,0.3604443,17522.215,True
TCB5011407,0.07898879,3449.4395,True
TCB2566990,0.20662838,9831.419,True
TCB1870651,0.7431105,36655.523,True
TCB7263717,0.010960947,48.047363,True
TCB1425429,0.02127008,563.504,True
TCB5743044,0.030037628,1001.8815,True
TCB8950466,0.83993495,41496.746,True
TCB2867639,0.060900122,2545.006,True
TCB3252749,0.90589124,44794.562,True
TCB7711847,0.058547407,2427.3704,True
TCB6195099,0.028821185,941.0592,True
TCB3068761,0.62313884,30656.941,True
TCB4188860,0.7518356,37091.777,True
TCB8360924,0.12538409,5769.2046,True
TCB4142654,0.9632796,47663.98,True
TCB7789094,-0.09869331,-5434.6655,False
TCB2617088,0.1387368,6436.84,True
TCB6965500,0.8271206,40856.03,True
TCB2819492,0.34502974,16751.486,True
TCB3009688,0.20010409,9505.204,True
TCB4815083,0.0208008,540.0399,True
TCB2373423,0.8848447,43742.234,True
TCB7546418,0.089663886,3983.1943,True
TCB3811585,0.84901947,41950.973,True
TCB7624120,0.09680909,4340.4546,True
TCB1068668,0.20928486,9964.243,True
TCB2237514,0.543859,26692.951,True
TCB2661545,0.8947103,44235.516,True
TCB6191793,0.5134177,25170.887,True
TCB4850114,-0.095688224,-5284.411,False
TCB9209481,0.13200323,6100.1616,True
TCB4052838,0.13155043,6077.5215,True
TCB9617932,0.050635245,2031.7622,True
TCB5040463,0.31416157,15208.078,True
TCB7380061,0.067395434,2869.7717,True
TCB4404356,0.9337034,46185.17,True
TCB8321118,0.0765609,3328.045,True
TCB7646179,0.16441864,7720.9316,True
TCB6733339,0.8111129,40055.645,True
TCB9630978,0.7318712,36093.56,True
TCB5718987,0.22373612,10686.806,True
TCB9098462,0.00082831923,-458.58405,False
TCB9888725,0.06518983,2759.4915,True
TCB5955669,0.099788666,4489.433,True
TCB3570902,0.10127485,4563.742,True
TCB9249070,0.86850685,42925.344,True
TCB1156445,0.24251065,11625.532,True
TCB4280243,0.8348596,41242.98,True
TCB5878455,0.22345568,10672.784,True
TCB4701876,0.9476922,46884.61,True
TCB9949045,0.12368336,5684.168,True
TCB8842866,0.050973542,2048.677,True
TCB8473339,0.777409,38370.45,True
TCB4163625,0.052684322,2134.216,True
TCB8678557,0.82491696,40745.848,True
TCB7353212,0.053512953,2175.6477,True
TCB1697932,0.83279717,41139.86,True
TCB2619178,0.8233237,40666.188,True
TCB2671517,0.26520172,12760.086,True
TCB1829184,0.064447485,2722.3743,True
TCB1003651,0.4005481,19527.404,True
TCB7491806,0.07106078,3053.0388,True
TCB9850512,0.05275149,2137.5745,True
TCB2570359,0.025782723,789.1361,True
TCB8830211,0.5319074,26095.37,True
TCB6098406,0.07146269,3073.1345,True
TCB7602542,0.088518195,3925.9097,True
TCB7457911,0.08476383,3738.1914,True
TCB9113685,0.08072659,3536.3293,True
TCB4625371,0.092034556,4101.728,True
TCB5695871,0.12816606,5908.303,True
TCB4198366,0.032120645,1106.0322,True
TCB1341926,0.13188362,6094.181,True
TCB9164621,0.39075446,19037.723,True
TCB6650289,-0.06862825,-3931.4126,False
TCB9043437,0.08917363,3958.6816,True
TCB7927524,0.46921712,22960.855,True
TCB4137203,0.09829218,4414.609,True
TCB2044185,0.07535412,3267.706,True
TCB9857123,-0.7150091,-36250.453,False
TCB9817432,0.06384889,2692.4446,True
TCB9512784,0.51322615,25161.307,True
TCB6210586,0.7545819,37229.098,True
TCB6015669,0.43883845,21441.922,True
TCB3747931,0.7969255,39346.273,True
TCB5447886,0.063152775,2657.6387,True
TCB3200950,0.9463448,46817.24,True
TCB4850039,0.26229203,12614.602,True
TCB9161978,0.77103233,38051.617,True
TCB3537839,0.8077035,39885.176,True
TCB8111987,0.9207695,45538.477,True
TCB7643837,0.6961338,34306.69,True
TCB1000646,0.05559372,2279.686,True
TCB2877342,-0.22194481,-11597.24,False
TCB5764106,0.07164225,3082.1125,True
TCB2028861,0.10465721,4732.8604,True
TCB7101859,-0.013661146,-1183.0574,False
TCB3640295,0.052207276,2110.3638,True
TCB7758898,0.060342878,2517.1438,True
TCB1583307,0.47521752,23260.877,True
TCB4980475,0.6722652,33113.258,True
TCB3297155,0.4786808,23434.04,True
TCB6065062,0.88490146,43745.074,True
TCB1910723,0.79581714,39290.855,True
TCB9321769,0.23307715,11153.857,True
TCB8176680,0.2756303,13281.515,True
TCB4688450,0.5874795,28873.973,True
TCB7795191,0.021542972,577.14856,True
TCB7096311,0.5213736,25568.682,True
TCB6042161,0.0074347407,-128.26297,False
TCB8661870,0.021877576,593.8788,True
TCB7245624,0.0931269,4156.345,True
TCB7430083,0.67048603,33024.3,True
TCB1248123,0.04681859,1840.9297,True
TCB5884537,0.8087137,39935.684,True
TCB1499632,0.103854604,4692.73,True
TCB7285493,0.6525704,32128.521,True
TCB9513388,0.08500177,3750.0884,True
TCB6485580,0.12370786,5685.393,True
TCB4298630,0.34205052,16602.525,True
TCB4658780,0.06825105,2912.5525,True
TCB3860801,0.8075015,39875.074,True
TCB5164161,0.04565383,1782.6917,True
TCB4433501,0.15218882,7109.441,True
TCB9293868,0.41973808,20486.904,True
TCB1975026,0.04509514,1754.7568,True
TCB3802980,0.89710724,44355.363,True
TCB2185244,0.39039403,19019.701,True
TCB9844886,0.37321532,18160.766,True
TCB8890840,0.12079078,5539.539,True
TCB7976539,0.12623551,5811.776,True
TCB9615974,0.024897262,744.86316,True
TCB4455625,0.71185565,35092.78,True
TCB2111322,0.68243164,33621.582,True
TCB4405713,0.0019923933,-400.38034,False
TCB4560269,0.7670382,37851.91,True
TCB8339543,0.8931507,44157.535,True
TCB9037438,0.6393192,31465.959,True
TCB2053625,0.9221916,45609.582,True
TCB1917044,0.91914004,45457.004,True
TCB9914243,0.7256407,35782.035,True
TCB1187049,0.081106916,3555.3457,True
TCB6660458,0.00798294,-100.85297,False
TCB1030126,0.70303744,34651.87,True
TCB5633542,0.104204044,4710.202,True
TCB3036067,0.86976665,42988.332,True
TCB1361844,0.5769861,28349.305,True
TCB9124820,0.041097604,1554.8801,True
TCB9455601,0.7235193,35675.965,True
TCB7116652,0.82436264,40718.133,True
TCB2925898,0.53421515,26210.758,True
TCB7635825,0.6652266,32761.328,True
TCB6472986,0.78053784,38526.89,True
TCB9023590,0.17373009,8186.505,True
TCB4721272,0.061681528,2584.0764,True
TCB5952301,0.59134704,29067.352,True
TCB2258274,0.72029454,35514.727,True
TCB4127614,0.21388963,10194.481,True
TCB5561614,0.17770523,8385.262,True
TCB4178183,0.44417173,21708.586,True
TCB9696360,0.80823135,39911.566,True
TCB1934030,0.045643892,1782.1946,True
TCB9960262,0.074747056,3237.3528,True
TCB4225887,0.130797,6039.85,True
TCB9197994,0.015901603,295.08014,True
TCB7405234,0.078968786,3448.4392,True
TCB4418086,0.025472447,773.6223,True
TCB3500975,-0.21020979,-11010.489,False
TCB7155535,0.21575992,10287.996,True
TCB8036741,0.067922145,2896.1072,True
TCB4821113,0.14913622,6956.8105,True
TCB2498554,-0.016271919,-1313.596,False
TCB6867428,0.80309814,39654.906,True
TCB6014998,0.06858484,2929.242,True
TCB6492530,0.6770415,33352.074,True
TCB6674190,0.08007341,3503.6704,True
TCB7182572,0.012456752,122.83765,True
TCB4514504,0.075814016,3290.701,True
TCB6657764,0.16289523,7644.7617,True
TCB5062370,0.8230278,40651.39,True
TCB6944038,0.5147894,25239.47,True
TCB3634044,0.7600553,37502.766,True
TCB8020963,0.6529299,32146.494,True
TCB1883717,0.08449664,3724.832,True
TCB5733513,0.8908233,44041.164,True
TCB5094897,0.027489483,874.4741,True
TCB7330352,0.3613361,17566.805,True
TCB3076374,0.056650423,2332.5212,True
TCB3797365,0.029464744,973.2372,True
TCB1415888,0.013535917,176.79584,True
TCB5594251,0.6430088,31650.441,True
TCB4874042,0.88096184,43548.09,True
TCB2312505,0.028043736,902.18677,True
TCB1571671,0.84870374,41935.188,True
TCB4686957,0.74717724,36858.863,True
TCB5553960,0.54405636,26702.818,True
TCB4842352,0.0951943,4259.7153,True
TCB4864421,0.8625557,42627.785,True
TCB2383704,0.8678264,42891.32,True
TCB6181442,0.0145731075,228.6554,True
TCB3213843,0.61933064,30466.533,True
TCB9338868,0.4437896,21689.48,True
TCB5463521,0.021228002,561.40015,True
TCB6443058,0.08613008,3806.504,True
TCB4201585,0.010592222,29.611084,True
TCB2875828,-0.112051845,-6102.5923,False
TCB8212015,0.34482804,16741.402,True
TCB5912381,0.5095137,24975.684,True
TCB8858778,0.8072592,39862.96,True
TCB2225889,0.22372158,10686.079,True
TCB7497426,-0.18072024,-9536.012,False
TCB6045268,0.040980574,1549.0288,True
TCB6217266,0.56197464,27598.732,True
TCB6307547,0.101422355,4571.1177,True
TCB7276476,0.8493117,41965.586,True
TCB5746662,-0.47682667,-24341.334,False
TCB9916554,0.8264695,40823.473,True
TCB7636312,0.5041449,24707.246,True
TCB7150589,0.83978236,41489.117,True
TCB9608615,0.12513624,5756.812,True
TCB6671499,0.12391666,5695.833,True
TCB7582277,0.16859177,7929.588,True
TCB3525817,0.89581436,44290.72,True
TCB3045351,0.48899782,23949.89,True
TCB8269089,0.41023397,20011.7,True
TCB8685381,0.90777045,44888.523,True
TCB4391649,0.67273396,33136.7,True
TCB1954635,0.8270862,40854.31,True
TCB2025622,0.8062051,39810.254,True
TCB1752306,0.26181427,12590.713,True
TCB3001803,0.102379896,4618.9946,True
TCB7570453,0.5739847,28199.234,True
TCB1375964,0.027618002,880.90015,True
TCB2232683,0.90452015,44726.008,True
TCB4080553,0.8113694,40068.473,True
TCB2301211,0.8362084,41310.42,True
TCB6947559,0.024515806,725.7903,True
TCB8139343,0.56579673,27789.836,True
TCB8223907,0.04820168,1910.084,True
TCB4020861,0.16992489,7996.244,True
TCB5783108,0.612604,30130.201,True
TCB9839072,0.12067634,5533.817,True
TCB2229211,0.0154821845,274.10925,True
TCB5894719,0.10300452,4650.226,True
TCB9303136,0.056522667,2326.1333,True
TCB5903422,0.02576936,788.468,True
TCB9011515,-0.19547883,-10273.941,False
TCB7653662,0.29483643,14241.821,True
TCB4530510,0.0005909959,-470.4502,False
TCB6206325,0.85786796,42393.4,True
TCB4852935,0.29493338,14246.669,True
TCB5837367,0.3137492,15187.46,True
TCB4907848,0.84775,41887.5,True
TCB4668723,0.8796479,43482.395,True
TCB6920417,0.16793667,7896.833,True
TCB5224590,0.08449525,3724.7622,True
TCB3829582,0.7539053,37195.266,True
TCB8926054,0.04825785,1912.8926,True
TCB1104569,0.17560998,8280.499,True
TCB5334658,0.049373955,1968.6978,True
TCB8130766,0.14929062,6964.5312,True
TCB4525102,-0.07812239,-4406.1196,False
TCB8562839,0.8016765,39583.824,True
TCB8409150,0.3296319,15981.596,True
TCB2874900,0.034850627,1242.5314,True
TCB3589136,0.14447667,6723.8335,True
TCB3716378,0.12830132,5915.066,True
TCB6638869,0.7738439,38192.195,True
TCB9692370,0.8364911,41324.555,True
TCB6094895,0.3725595,18127.975,True
TCB3735967,0.0010224981,-448.8751,False
TCB7986829,0.7614512,37572.56,True
TCB9213896,-0.0063275993,-816.38,False
TCB6753074,0.021640692,582.03455,True
TCB7654868,0.021398643,569.9321,True
TCB9855272,0.49599734,24299.867,True
TCB4179511,0.039007675,1450.3838,True
TCB8477763,0.025615133,780.7567,True
TCB3054472,0.44045284,21522.643,True
TCB5262037,0.59173524,29086.762,True
TCB9203920,0.035846066,1292.3033,True
TCB2801165,0.1414015,6570.075,True
TCB8848536,0.052807327,2140.3665,True
TCB3351851,0.795983,39299.152,True
TCB6377889,0.91390604,45195.3,True
TCB7453164,0.6055211,29776.055,True
TCB3904143,0.6996268,34481.34,True
TCB1569591,0.016320512,316.02557,True
TCB5319371,0.1311994,6059.97,True
TCB3745197,0.075440764,3272.0383,True
TCB2487194,0.89303416,44151.707,True
TCB3990926,0.13503015,6251.5073,True
TCB4795906,0.1414719,6573.5947,True
TCB2743185,0.06672864,2836.432,True
TCB3594800,0.04122923,1561.4614,True
TCB6442687,0.96128845,47564.42,True
TCB1341409,0.6449169,31745.844,True
TCB8957359,0.6386761,31433.805,True
TCB3833463,0.4193244,20466.22,True
TCB6580575,0.2351455,11257.274,True
TCB2941620,-0.43378752,-22189.377,False
TCB4634517,0.8025917,39629.586,True
TCB4517878,0.64019936,31509.969,True
TCB1071606,0.042693265,1634.6633,True
TCB8546194,0.8028114,39640.57,True
TCB2173754,0.8225233,40626.164,True
TCB6501917,0.08720294,3860.147,True
TCB6245577,0.8836808,43684.043,True
TCB1729552,0.1583674,7418.3696,True
TCB9055738,0.52273446,25636.723,True
TCB6766158,0.044473767,1723.6885,True
TCB7022338,0.47678035,23339.018,True
TCB2736406,0.07070668,3035.334,True
TCB4843563,0.086697534,3834.8765,True
TCB7102401,0.059263043,2463.152,True
TCB2074846,0.12238951,5619.4756,True
TCB3746552,0.54925776,26962.889,True
TCB5018858,0.052412916,2120.6458,True
TCB8629174,0.11074668,5037.334,True
TCB6384943,0.92452645,45726.324,True
TCB6331172,0.85286003,42143.0,True
TCB3009589,0.16014786,7507.393,True
TCB1748645,0.88328415,43664.207,True
TCB4494003,0.115276024,5263.8013,True
TCB1740852,0.11858783,5429.3916,True
TCB2855527,0.12752263,5876.132,True
TCB6739621,0.83540386,41270.19,True
TCB6056171,0.056873403,2343.6702,True
TCB4640206,0.4486593,21932.965,True
TCB9263114,0.84080833,41540.418,True
TCB6564366,0.85348463,42174.23,True
TCB4389435,0.801588,39579.4,True
TCB4367143,0.06468839,2734.4197,True
TCB8757171,0.50122726,24561.363,True
TCB7260967,0.020423053,521.15265,True
TCB1637295,0.10401153,4700.576,True
TCB2419631,0.6388284,31441.42,True
TCB1968516,0.02082339,541.16943,True
TCB2266071,0.0480676,1903.3799,True
TCB6236997,0.08907343,3953.6714,True
TCB6679491,0.105565906,4778.2954,True
TCB1847153,0.10303823,4651.9116,True
TCB5060957,0.8105007,40025.035,True
TCB7561305,0.30398813,14699.406,True
TCB4342575,0.8691421,42957.105,True
TCB1998631,0.3699719,17998.596,True
TCB8923829,0.26737696,12868.848,True
TCB9983498,0.11081931,5040.9653,True
TCB8140464,0.62510896,30755.447,True
TCB7197853,0.2257912,10789.56,True
TCB7808422,0.02831639,915.81946,True
TCB8702730,0.2979647,14398.234,True
TCB8514927,0.06571727,2785.8635,True
TCB1037829,0.5382389,26411.943,True
TCB2812861,0.076282695,3314.1348,True
TCB1305336,0.05278579,2139.2896,True
TCB4919743,0.08444238,3722.1187,True
TCB2912254,0.59676194,29338.098,True
TCB9128088,0.6856071,33780.355,True
TCB5099858,0.40775958,19887.979,True
TCB5598454,0.034968115,1248.4058,True
TCB3168294,0.8803247,43516.234,True
TCB5228197,0.08858306,3929.1528,True
TCB2165086,-0.182163,-9608.15,False
TCB2038719,0.060654093,2532.7046,True
TCB2416946,0.52699673,25849.836,True
TCB4548618,-0.2540447,-13202.235,False
TCB9633289,0.05363931,2181.9656,True
TCB4934296,0.09646576,4323.288,True
TCB9714640,0.056810383,2340.519,True
TCB5815866,-0.18170452,-9585.226,False
TCB6605379,0.062689,2634.45,True
TCB8869192,0.37557247,18278.623,True
TCB9452486,0.1996354,9481.7705,True
TCB4282322,0.04211829,1605.9146,True
TCB2556202,-0.059607625,-3480.3813,False
TCB1608422,0.84941936,41970.97,True
TCB1802634,0.3498779,16993.895,True
TCB8037016,0.8369484,41347.418,True
TCB2685447,0.860192,42509.6,True
TCB3739899,-0.072568655,-4128.4326,False
TCB6894663,0.14723885,6861.9424,True
TCB6712089,0.80804163,39902.082,True
TCB3461302,0.028212726,910.63635,True
TCB1741914,0.07002248,3001.124,True
TCB6206783,0.7460126,36800.633,True
TCB3490454,0.2009598,9547.99,True
TCB2004427,0.084826246,3741.3125,True
TCB6874137,0.07968068,3484.0342,True
TCB4005241,0.88480693,43740.348,True
TCB6466310,0.23254825,11127.412,True
TCB8934098,0.7840882,38704.41,True
TCB5076093,0.96063375,47531.688,True
TCB8626413,0.14489311,6744.6553,True
TCB2515779,0.02111312,555.656,True
TCB1337184,0.019243961,462.19806,True
TCB3844898,-0.032383822,-2119.191,False
TCB6709702,0.5703637,28018.186,True
TCB7115063,0.5534467,27172.336,True
TCB2366539,0.74326587,36663.293,True
TCB6296097,0.020665722,533.28613,True
TCB8847568,0.17933406,8466.703,True
TCB7649227,0.8991644,44458.22,True
TCB4875989,0.86681193,42840.598,True
TCB7360702,0.7354751,36273.758,True
TCB2002670,0.23628844,11314.422,True
TCB3006665,0.8763884,43319.418,True
TCB9466919,0.024790887,739.5443,True
TCB1060426,0.38166267,18583.133,True
TCB3800073,0.08574506,3787.253,True
TCB9058066,0.50480163,24740.082,True
TCB4384368,0.9337882,46189.41,True
TCB3878247,0.06700648,2850.3242,True
TCB2481925,0.050880417,2044.0208,True
TCB2200717,0.41312328,20156.164,True
TCB1276560,0.066482306,2824.1152,True
TCB8774202,0.86531574,42765.785,True
TCB6009952,0.16556078,7778.039,True
TCB1390541,0.8385943,41429.715,True
TCB6630782,0.30282664,14641.332,True
TCB5262061,0.76628125,37814.062,True
TCB9919943,0.15259998,7129.9985,True
TCB2033487,0.2657578,12787.89,True
TCB5218819,0.49466148,24233.074,True
TCB7078739,0.9785883,48429.414,True
TCB8797031,0.5759541,28297.703,True
TCB9570963,0.8606311,42531.555,True
TCB7422989,0.067417346,2870.8672,True
TCB3672127,0.0012530042,-437.3498,False
TCB8885019,0.40669444,19834.723,True
TCB5062286,0.06096365,2548.1824,True
TCB3901439,-0.041517437,-2575.8718,False
TCB6181177,-0.024606727,-1730.3363,False
TCB5684444,0.6828459,33642.293,True
TCB5730507,0.80913997,39957.0,True
TCB2121769,0.46466103,22733.05,True
TCB3966787,0.94179404,46589.703,True
TCB9841815,0.9220984,45604.918,True
TCB1584495,0.9256089,45780.445,True
TCB9472402,0.032679047,1133.9524,True
TCB1863544,0.7111141,35055.707,True
TCB1022690,0.097736634,4386.8315,True
TCB5824779,0.8113043,40065.215,True
TCB8258231,0.8773807,43369.035,True
TCB8713358,0.013406761,170.33807,True
TCB9124546,0.08619623,3809.8115,True
TCB9915139,0.74875057,36937.527,True
TCB3362183,0.7557092,37285.457,True
TCB9042241,0.55605096,27302.547,True
TCB5343233,0.0748412,3242.06,True
TCB2423671,0.923096,45654.8,True
TCB4912532,0.87398094,43199.047,True
TCB9909132,0.39104545,19052.273,True
TCB8843299,0.1467449,6837.245,True
TCB2277691,0.30210432,14605.216,True
TCB4253693,0.27929443,13464.722,True
TCB8282855,0.435003,21250.15,True
TCB1710285,0.88123095,43561.547,True
TCB6496122,0.10614757,4807.3784,True
TCB8274525,0.612256,30112.799,True
TCB1835383,0.83597094,41298.547,True
TCB1898079,0.8184799,40423.996,True
TCB6251851,0.62673354,30836.678,True
TCB2703425,0.83866626,41433.312,True
TCB1417290,0.8826456,43632.28,True
TCB8600377,0.8037455,39687.277,True
TCB3915032,0.056338042,2316.902,True
TCB9535300,0.93635297,46317.65,True
TCB7820210,0.77603835,38301.918,True
TCB2587301,0.71130466,35065.234,True
TCB4116870,0.11848571,5424.2856,True
TCB3421858,0.7983721,39418.605,True
TCB2727719,0.037836317,1391.8158,True
TCB4473983,0.081932746,3596.6372,True
TCB6033978,0.06255621,2627.8103,True
TCB9144909,0.7945798,39228.99,True
TCB9561851,0.75901043,37450.523,True
TCB7686466,0.07561553,3280.7766,True
TCB1871999,0.02719295,859.64746,True
TCB7698324,0.054454233,2222.7117,True
TCB7936436,0.42999458,20999.729,True
TCB3722228,0.51376647,25188.324,True
TCB8853924,0.61270976,30135.488,True
TCB2546351,0.1004933,4524.665,True
TCB7530303,0.09022546,4011.273,True
TCB7141446,0.054771975,2238.5986,True
TCB8702393,0.019541755,477.08777,True
TCB1986103,0.09445908,4222.954,True
TCB7385717,0.116664186,5333.2095,True
TCB8445971,0.52305436,25652.719,True
TCB9057079,-0.44594565,-22797.283,False
TCB9014774,0.03649795,1324.8976,True
TCB5672921,0.053261355,2163.0676,True
TCB8623484,0.031506374,1075.3187,True
TCB5045327,0.9008695,44543.473,True
TCB6054435,0.4372139,21360.695,True
TCB9097051,0.21048957,10024.479,True
TCB9604159,0.89815617,44407.81,True
TCB2001129,0.81071806,40035.902,True
TCB5990679,0.10612995,4806.4976,True
TCB6149331,0.045554534,1777.7266,True
TCB3922421,0.5609848,27549.24,True
TCB7704211,0.18663086,8831.543,True
TCB3457258,0.017452419,372.6209,True
TCB4623981,0.86443406,42721.703,True
TCB4322142,0.9437783,46688.914,True
TCB6836890,0.57343364,28171.682,True
TCB7468188,0.6975877,34379.387,True
TCB6200095,0.70033145,34516.574,True
TCB8278261,0.4980017,24400.084,True
TCB6477808,0.15519604,7259.8022,True
TCB9724443,0.113700345,5185.017,True
TCB6227135,0.83125985,41062.992,True
TCB9997923,0.058948055,2447.4028,True
TCB4430619,0.64904135,31952.068,True
TCB2939932,0.6394459,31472.295,True
TCB1255636,0.84917146,41958.574,True
TCB5846407,0.037223574,1361.1787,True
TCB8428217,-0.23696977,-12348.488,False
TCB7364139,0.7370855,36354.277,True
TCB1870332,0.9010587,44552.934,True
TCB6611522,0.22964789,10982.395,True
TCB6815326,0.80069053,39534.527,True
TCB9793912,-0.6778083,-34390.414,False
TCB7616744,0.71389556,35194.777,True
TCB4537683,0.5016984,24584.918,True
TCB5181960,0.93600786,46300.395,True
TCB5625127,0.44621107,21810.553,True
TCB2021551,0.115789175,5289.459,True
TCB1511950,0.30825868,14912.935,True
TCB6793588,0.46820924,22910.46,True
TCB6297124,0.023991074,699.5537,True
TCB3376462,0.6549329,32246.646,True
TCB9943620,0.27647656,13323.828,True
TCB9273041,0.06960468,2980.234,True
TCB3370066,0.90076864,44538.434,True
TCB8494222,0.07675235,3337.6174,True
TCB8466935,0.08034354,3517.1768,True
TCB5687084,0.19426253,9213.127,True
TCB7717232,-0.07752678,-4376.339,False
TCB9300682,0.8992939,44464.695,True
TCB9317245,0.53951156,26475.578,True
TCB3918698,0.2549654,12248.27,True
TCB9756172,0.95239115,47119.56,True
TCB5099878,0.08300953,3650.4766,True
TCB4624921,0.09769972,4384.986,True
TCB9806695,0.02312609,656.30444,True
TCB9928454,-0.046571042,-2828.552,False
TCB9471996,0.118793815,5439.691,True
TCB1642112,0.07498574,3249.287,True
TCB8115988,0.76512194,37756.098,True
TCB8171706,-0.6485507,-32927.535,False
TCB7707353,0.85590136,42295.066,True
TCB5007788,0.8586789,42433.945,True
TCB8256043,0.06016734,2508.367,True
TCB7493752,0.33990115,16495.057,True
TCB5495892,0.6346026,31230.13,True
TCB5969833,-0.00966775,-983.3875,False
TCB4255208,0.77305734,38152.867,True
TCB4937269,0.6021299,29606.494,True
TCB7309517,0.6800448,33502.24,True
TCB8113243,0.8799307,43496.535,True
TCB4704357,0.8751058,43255.29,True
TCB6671532,-0.2628963,-13644.815,False
TCB4036062,0.041497305,1574.8652,True
TCB3590368,0.06281108,2640.5537,True
TCB9148600,0.66892004,32946.004,True
TCB6385274,-0.6911726,-35058.63,False
TCB1624562,0.4471652,21858.26,True
TCB3334027,0.11975384,5487.692,True
TCB2112143,0.1306569,6032.8447,True
TCB1981144,0.07875165,3437.5828,True
TCB9024624,0.42563814,20781.906,True
TCB1706648,-0.003075906,-653.7953,False
TCB7623343,0.5837601,28688.004,True
TCB2297312,0.8308775,41043.875,True
TCB8371517,0.91613543,45306.773,True
TCB1538524,0.4154814,20274.07,True
TCB4836107,0.5791222,28456.11,True
TCB4997485,0.1387087,6435.4346,True
TCB1715021,0.07892724,3446.362,True
TCB9667222,0.8660656,42803.28,True
TCB5313660,0.043547273,1677.3635,True
TCB9523295,-0.10783309,-5891.6543,False
TCB5157356,0.93545777,46272.887,True
TCB2186806,0.01179434,89.71698,True
TCB2552185,0.35322255,17161.127,True
TCB7583552,0.764207,37710.35,True
TCB9094036,0.049166,1958.3,True
TCB8342429,0.12762333,5881.1665,True
TCB5155663,0.05580059,2290.0295,True
TCB7470821,-0.016850874,-1342.5437,False
TCB6410037,0.80206805,39603.402,True
TCB2924011,0.08607989,3803.9946,True
TCB5394454,0.14114517,6557.2583,True
TCB1635193,-0.044911563,-2745.5781,False
TCB7650993,0.6278268,30891.34,True
TCB6339592,0.79183376,39091.688,True
TCB2645964,0.9358112,46290.562,True
TCB3077423,0.65619415,32309.707,True
TCB1048788,0.7653949,37769.746,True
TCB7391436,0.05650731,2325.3655,True
TCB3822465,0.036502864,1325.1432,True
TCB2989855,0.87898886,43449.44,True
TCB9287521,0.14238483,6619.241,True
TCB5028817,0.021413954,570.69775,True
TCB5527457,0.6965913,34329.566,True
TCB1987701,0.071388595,3069.4297,True
TCB2873590,0.08593642,3796.8208,True
TCB8904432,0.81943804,40471.902,True
TCB3076452,-0.017117236,-1355.8618,False
TCB1998336,0.14566743,6783.3716,True
TCB1467596,0.113854736,5192.737,True
TCB4479193,0.011332989,66.649414,True
TCB6557942,0.78459185,38729.594,True
TCB2612807,0.20164052,9582.025,True
TCB4184224,0.046872616,1843.6309,True
TCB3210806,0.003879392,-306.0304,False
TCB9511293,0.82867265,40933.633,True
TCB1347417,0.0224157,620.7849,True
TCB9484104,0.05081821,2040.9104,True
TCB3794545,0.5104791,25023.955,True
TCB7038248,0.08585308,3792.6538,True
TCB1775073,0.93558484,46279.242,True
TCB2145504,0.9070287,44851.434,True
TCB3430007,0.6851797,33758.984,True
TCB5664752,0.8291406,40957.03,True
TCB2585990,0.026871318,843.5659,True
TCB5018472,-0.3015396,-15576.98,False
TCB1922039,0.09844972,4422.4863,True
TCB1826581,0.9075296,44876.48,True
TCB3778481,0.008546136,-72.69318,False
TCB5447725,0.039506063,1475.3031,True
TCB6459302,0.041131377,1556.5688,True
TCB2054499,0.9490038,46950.19,True
TCB3429230,0.9417202,46586.008,True
TCB8095031,0.04773389,1886.6946,True
TCB2111477,0.761618,37580.902,True
TCB5606671,0.6741064,33205.32,True
TCB5847336,-0.17472818,-9236.409,False
TCB7138420,0.97872424,48436.21,True
TCB7124143,0.69304967,34152.484,True
TCB3283897,0.09301977,4150.9883,True
TCB2198816,0.27059993,13029.996,True
TCB1112709,0.4747717,23238.586,True
TCB9274396,0.8431944,41659.723,True
TCB2520962,0.07008658,3004.329,True
